date,hour,season,expected,suppressed,probability
2018-02-06,0,Winter,159.0,0,0.06031262477996143
2018-02-06,1,Winter,142.0,0,0.02145925473674725
2018-02-06,2,Winter,103.0,0,0.01825750902493787
2018-02-06,3,Winter,65.0,0,0.017504784915749992
2018-02-06,4,Winter,44.0,0,0.01811332819110688
2018-02-06,5,Winter,61.0,0,0.022508168611370744
2018-02-06,6,Winter,109.0,0,0.036677671937926294
2018-02-06,7,Winter,272.0,0,0.050555419866694984
2018-02-06,8,Winter,554.0,0,0.05558471385923808
2018-02-06,9,Winter,303.0,0,0.06324722324663587
2018-02-06,10,Winter,189.0,0,0.05546722527827658
2018-02-06,11,Winter,247.0,0,0.04145418872625233
2018-02-06,12,Winter,267.0,0,0.03680105603908588
2018-02-06,13,Winter,273.0,0,0.04341889334005219
2018-02-06,14,Winter,265.0,0,0.04106699431893796
2018-02-06,15,Winter,278.0,0,0.02820355704549091
2018-02-06,16,Winter,282.0,0,0.028047204934717535
2018-02-06,17,Winter,361.0,0,0.03458716396944798
2018-02-06,18,Winter,529.0,0,0.06806467937938887
2018-02-06,19,Winter,355.0,0,0.0746781999415602
2018-02-06,20,Winter,262.0,0,0.039567062516941996
2018-02-06,21,Winter,257.0,0,0.056630548674706016
2018-02-06,22,Winter,235.0,0,0.05072798093419621
2018-02-06,23,Winter,174.0,0,0.04701877996869325
2018-02-07,0,Winter,159.0,0,0.03832225699937427
2018-02-07,1,Winter,142.0,0,0.04361620138962324
2018-02-07,2,Winter,103.0,0,0.04195130821111971
2018-02-07,3,Winter,65.0,0,0.042934790454714086
2018-02-07,4,Winter,44.0,0,0.049570486669163714
2018-02-07,5,Winter,61.0,0,0.05709623925298386
2018-02-07,6,Winter,109.0,0,0.05002067787566516
2018-02-07,7,Winter,272.0,0,0.09678375971401845
2018-02-07,8,Winter,554.0,0,0.14857507500233064
2018-02-07,9,Winter,303.0,0,0.08499669021246468
2018-02-07,10,Winter,189.0,0,0.033298604673412606
2018-02-07,11,Winter,247.0,0,0.02425724078865145
2018-02-07,12,Winter,267.0,0,0.017878398009155083
2018-02-07,13,Winter,273.0,0,0.017155141226841204
2018-02-07,14,Winter,265.0,0,0.01126636748680907
2018-02-07,15,Winter,278.0,0,0.012439917285024301
2018-02-07,16,Winter,282.0,0,0.009307006149009913
2018-02-07,17,Winter,361.0,0,0.01141343041256842
2018-02-07,18,Winter,529.0,0,0.021872430885888743
2018-02-07,19,Winter,355.0,0,0.03386654422074906
2018-02-07,20,Winter,262.0,0,0.0662154852981638
2018-02-07,21,Winter,257.0,0,0.0770338732281765
2018-02-07,22,Winter,235.0,0,0.06635754898810912
2018-02-07,23,Winter,174.0,0,0.04947204719483385
2018-02-08,0,Winter,159.0,0,0.043833604953287496
2018-02-08,1,Winter,142.0,0,0.09187166550566198
2018-02-08,2,Winter,103.0,0,0.10186736011757141
2018-02-08,3,Winter,65.0,0,0.10062177993475034
2018-02-08,4,Winter,44.0,0,0.044739876961452506
2018-02-08,5,Winter,61.0,0,0.05182873946384138
2018-02-08,6,Winter,109.0,0,0.09533412414293038
2018-02-08,7,Winter,272.0,0,0.17746919943007036
2018-02-08,8,Winter,554.0,0,0.17834021609316902
2018-02-08,9,Winter,303.0,0,0.09659662666510392
2018-02-08,10,Winter,189.0,0,0.05065151337657907
2018-02-08,11,Winter,247.0,0,0.02928562248976325
2018-02-08,12,Winter,267.0,0,0.023143874736162043
2018-02-08,13,Winter,273.0,0,0.01701463443863112
2018-02-08,14,Winter,265.0,0,0.014356091935884996
2018-02-08,15,Winter,278.0,0,0.013707633701497397
2018-02-08,16,Winter,282.0,0,0.013588899477212245
2018-02-08,17,Winter,361.0,0,0.011187691279838924
2018-02-08,18,Winter,529.0,0,0.01379206177333029
2018-02-08,19,Winter,355.0,0,0.02208311445597454
2018-02-08,20,Winter,262.0,0,0.030480130570506064
2018-02-08,21,Winter,257.0,0,0.027760847964120768
2018-02-08,22,Winter,235.0,0,0.01760788388648302
2018-02-08,23,Winter,174.0,0,0.01839956102675404
2018-02-09,0,Winter,159.0,0,0.009194881525182731
2018-02-09,1,Winter,142.0,0,0.01567072469197636
2018-02-09,2,Winter,103.0,0,0.018256260602903144
2018-02-09,3,Winter,65.0,0,0.017430402639883467
2018-02-09,4,Winter,44.0,0,0.016332611757870263
2018-02-09,5,Winter,61.0,0,0.013189619305635518
2018-02-09,6,Winter,109.0,0,0.010892566475492159
2018-02-09,7,Winter,272.0,0,0.014210803777267685
2018-02-09,8,Winter,554.0,0,0.013297871429919192
2018-02-09,9,Winter,303.0,0,0.012767949742788666
2018-02-09,10,Winter,189.0,0,0.01068216476611273
2018-02-09,11,Winter,247.0,0,0.010381520411763425
2018-02-09,12,Winter,267.0,0,0.00791994877948937
2018-02-09,13,Winter,273.0,0,0.008148432793440148
2018-02-09,14,Winter,265.0,0,0.006764669459253525
2018-02-09,15,Winter,278.0,0,0.00623957471512322
2018-02-09,16,Winter,282.0,0,0.009921608263696848
2018-02-09,17,Winter,361.0,0,0.034926270080762344
2018-02-09,18,Winter,529.0,0,0.029422707207447447
2018-02-09,19,Winter,355.0,0,0.09821190842252918
2018-02-09,20,Winter,262.0,0,0.10187678577724382
2018-02-09,21,Winter,257.0,0,0.08209258522205788
2018-02-09,22,Winter,235.0,0,0.08744714178913869
2018-02-09,23,Winter,174.0,0,0.09232513877817754
2018-02-10,0,Winter,194.0,0,0.07539888187142096
2018-02-10,1,Winter,203.0,0,0.06599124626264634
2018-02-10,2,Winter,160.5,0,0.06255575367479257
2018-02-10,3,Winter,105.0,0,0.05549171586184167
2018-02-10,4,Winter,66.5,0,0.07218274522939816
2018-02-10,5,Winter,36.0,0,0.09658640676398951
2018-02-10,6,Winter,38.5,0,0.1281325129205518
2018-02-10,7,Winter,59.5,0,0.1770706850604891
2018-02-10,8,Winter,104.5,0,0.21886968786035488
2018-02-10,9,Winter,147.5,0,0.21513976370382132
2018-02-10,10,Winter,161.5,0,0.2041575378927868
2018-02-10,11,Winter,204.5,0,0.10580748492038311
2018-02-10,12,Winter,239.0,0,0.08405214845952319
2018-02-10,13,Winter,269.5,0,0.016523422181011247
2018-02-10,14,Winter,298.0,0,0.014817577891847816
2018-02-10,15,Winter,318.5,0,0.011194975619384774
2018-02-10,16,Winter,302.5,0,0.01123974916443716
2018-02-10,17,Winter,277.0,0,0.013633392268395316
2018-02-10,18,Winter,219.0,0,0.010169032184466478
2018-02-10,19,Winter,177.0,0,0.007615933880897025
2018-02-10,20,Winter,165.5,0,0.011890533721633928
2018-02-10,21,Winter,173.5,0,0.016258596173446153
2018-02-10,22,Winter,170.0,0,0.016935203025839844
2018-02-10,23,Winter,146.0,0,0.014008874308613074
2018-02-11,0,Winter,194.0,0,0.012763039330417244
2018-02-11,1,Winter,203.0,1,0.014533036194511935
2018-02-11,2,Winter,160.5,0,0.015393522852696505
2018-02-11,3,Winter,105.0,0,0.017534973293933796
2018-02-11,4,Winter,66.5,0,0.017978364637598658
2018-02-11,5,Winter,36.0,0,0.016495761775967253
2018-02-11,6,Winter,38.5,0,0.0087181241864896
2018-02-11,7,Winter,59.5,0,0.013224440213969403
2018-02-11,8,Winter,104.5,0,0.010526763800487077
2018-02-11,9,Winter,147.5,0,0.009955448154924882
2018-02-11,10,Winter,161.5,0,0.008930985689655434
2018-02-11,11,Winter,204.5,0,0.01355887016397713
2018-02-11,12,Winter,239.0,0,0.01927304083979654
2018-02-11,13,Winter,269.5,0,0.0209157373185492
2018-02-11,14,Winter,298.0,0,0.030936309028103293
2018-02-11,15,Winter,318.5,0,0.03020892571371122
2018-02-11,16,Winter,302.5,0,0.0664237161372646
2018-02-11,17,Winter,277.0,0,0.11547197354199983
2018-02-11,18,Winter,219.0,0,0.23639365327125694
2018-02-11,19,Winter,177.0,0,0.3723186476008277
2018-02-11,20,Winter,165.5,0,0.32962937199301506
2018-02-11,21,Winter,173.5,0,0.29948486475476654
2018-02-11,22,Winter,170.0,0,0.12599442487836576
2018-02-11,23,Winter,146.0,0,0.060030076244129954
2018-02-12,0,Winter,159.0,0,0.07717319053037153
2018-02-12,1,Winter,142.0,1,0.07376755086190669
2018-02-12,2,Winter,103.0,1,0.045107852315935865
2018-02-12,3,Winter,65.0,1,0.013085972979355657
2018-02-12,4,Winter,44.0,0,0.0110169543104039
2018-02-12,5,Winter,61.0,1,0.013175008895682294
2018-02-12,6,Winter,109.0,0,0.015126084854343854
2018-02-12,7,Winter,272.0,0,0.015261612385862548
2018-02-12,8,Winter,554.0,0,0.018597329164282368
2018-02-12,9,Winter,303.0,0,0.014431920664451323
2018-02-12,10,Winter,189.0,0,0.010901488707111962
2018-02-12,11,Winter,247.0,0,0.016979639242104785
2018-02-12,12,Winter,267.0,0,0.042752157545645784
2018-02-12,13,Winter,273.0,0,0.027573668771252714
2018-02-12,14,Winter,265.0,0,0.03400283748513201
2018-02-12,15,Winter,278.0,0,0.03966404740918906
2018-02-12,16,Winter,282.0,0,0.05486901141187392
2018-02-12,17,Winter,361.0,0,0.07141396719481158
2018-02-12,18,Winter,529.0,0,0.13021531850396806
2018-02-12,19,Winter,355.0,0,0.14139803880960855
2018-02-12,20,Winter,262.0,0,0.13918691343233588
2018-02-12,21,Winter,257.0,0,0.1480593242475979
2018-02-12,22,Winter,235.0,0,0.10536450192067354
2018-02-12,23,Winter,174.0,0,0.10724252296239178
2018-02-13,0,Winter,159.0,0,0.09850885393192042
2018-02-13,1,Winter,142.0,0,0.08062017546877052
2018-02-13,2,Winter,103.0,0,0.07299023508467047
2018-02-13,3,Winter,65.0,0,0.07973370336290336
2018-02-13,4,Winter,44.0,0,0.09683439092524
2018-02-13,5,Winter,61.0,0,0.11935051704874254
2018-02-13,6,Winter,109.0,0,0.19319852450166403
2018-02-13,7,Winter,272.0,0,0.25302265235791405
2018-02-13,8,Winter,554.0,0,0.21221362218981013
2018-02-13,9,Winter,303.0,0,0.08167024103910071
2018-02-13,10,Winter,189.0,0,0.0329216191527641
2018-02-13,11,Winter,247.0,0,0.04403477829001188
2018-02-13,12,Winter,267.0,0,0.05335255117496778
2018-02-13,13,Winter,273.0,0,0.05447677286930337
2018-02-13,14,Winter,265.0,0,0.05540540932232103
2018-02-13,15,Winter,278.0,0,0.08348111299724675
2018-02-13,16,Winter,282.0,0,0.07035520152714107
2018-02-13,17,Winter,361.0,0,0.08675676947763387
2018-02-13,18,Winter,529.0,0,0.12032693876705602
2018-02-13,19,Winter,355.0,0,0.16828927911502659
2018-02-13,20,Winter,262.0,0,0.18014511417086898
2018-02-13,21,Winter,257.0,0,0.126474809348734
2018-02-13,22,Winter,235.0,0,0.09105509136676938
2018-02-13,23,Winter,174.0,0,0.09002523423630467
2018-02-14,0,Winter,159.0,0,0.1009435159780705
2018-02-14,1,Winter,142.0,0,0.0859387653458798
2018-02-14,2,Winter,103.0,0,0.057206280794454265
2018-02-14,3,Winter,65.0,0,0.0591774784979858
2018-02-14,4,Winter,44.0,0,0.07822170910003982
2018-02-14,5,Winter,61.0,0,0.07573805853797007
2018-02-14,6,Winter,109.0,0,0.07673335604593262
2018-02-14,7,Winter,272.0,0,0.09176943046526657
2018-02-14,8,Winter,554.0,0,0.09904581208331409
2018-02-14,9,Winter,303.0,0,0.13435432178282256
2018-02-14,10,Winter,189.0,0,0.18308728248262202
2018-02-14,11,Winter,247.0,0,0.21501306831227268
2018-02-14,12,Winter,267.0,0,0.24258680895545598
2018-02-14,13,Winter,273.0,0,0.21754199698140791
2018-02-14,14,Winter,265.0,0,0.11737351374159007
2018-02-14,15,Winter,278.0,0,0.06424861707289499
2018-02-14,16,Winter,282.0,0,0.023231818418034914
2018-02-14,17,Winter,361.0,0,0.019233293559526434
2018-02-14,18,Winter,529.0,0,0.017746883764664212
2018-02-14,19,Winter,355.0,0,0.017452425795972414
2018-02-14,20,Winter,262.0,0,0.010112396434317786
2018-02-14,21,Winter,257.0,0,0.008445572818164335
2018-02-14,22,Winter,235.0,0,0.013213503658391176
2018-02-14,23,Winter,174.0,0,0.009627777885728214
2018-02-15,0,Winter,159.0,0,0.01337999225396871
2018-02-15,1,Winter,142.0,0,0.012478984430779392
2018-02-15,2,Winter,103.0,0,0.007803060226425241
2018-02-15,3,Winter,65.0,0,0.006799460669923466
2018-02-15,4,Winter,44.0,0,0.008471080173006643
2018-02-15,5,Winter,61.0,0,0.008827682682249375
2018-02-15,6,Winter,109.0,1,0.010563617992606517
2018-02-15,7,Winter,272.0,1,0.015063067387929159
2018-02-15,8,Winter,554.0,1,0.01581713786769442
2018-02-15,9,Winter,303.0,1,0.011157230602110336
2018-02-15,10,Winter,189.0,0,0.009465175197033961
2018-02-15,11,Winter,247.0,0,0.00760295218424802
2018-02-15,12,Winter,267.0,0,0.008438167789565125
2018-02-15,13,Winter,273.0,0,0.008482748677200823
2018-02-15,14,Winter,265.0,0,0.007639256463625899
2018-02-15,15,Winter,278.0,0,0.007963142674174455
2018-02-15,16,Winter,282.0,0,0.007144154246644554
2018-02-15,17,Winter,361.0,0,0.00773005040774257
2018-02-15,18,Winter,529.0,1,0.007183808476286895
2018-02-15,19,Winter,355.0,1,0.00907353264167936
2018-02-15,20,Winter,262.0,0,0.011250513538397892
2018-02-15,21,Winter,257.0,0,0.01508411239437657
2018-02-15,22,Winter,235.0,0,0.007759908363115594
2018-02-15,23,Winter,174.0,0,0.007926219386430114
2018-02-16,0,Winter,159.0,0,0.010544290378296945
2018-02-16,1,Winter,142.0,0,0.009451579010730226
2018-02-16,2,Winter,103.0,1,0.010052488549439728
2018-02-16,3,Winter,65.0,0,0.009877163884245253
2018-02-16,4,Winter,44.0,0,0.014563178670795488
2018-02-16,5,Winter,61.0,1,0.01774650698191676
2018-02-16,6,Winter,109.0,1,0.016537100347640093
2018-02-16,7,Winter,272.0,1,0.017041684417562722
2018-02-16,8,Winter,554.0,1,0.01744252077733043
2018-02-16,9,Winter,303.0,1,0.012789025678615666
2018-02-16,10,Winter,189.0,1,0.014296661083164932
2018-02-16,11,Winter,247.0,1,0.007713061387692244
2018-02-16,12,Winter,267.0,0,0.005400159683596533
2018-02-16,13,Winter,273.0,0,0.006929458305385431
2018-02-16,14,Winter,265.0,0,0.008193077073793643
2018-02-16,15,Winter,278.0,0,0.018282648199990217
2018-02-16,16,Winter,282.0,0,0.053824282680513806
2018-02-16,17,Winter,361.0,0,0.12938833752442036
2018-02-16,18,Winter,529.0,1,0.1869851582655981
2018-02-16,19,Winter,355.0,1,0.18186084090483604
2018-02-16,20,Winter,262.0,0,0.1703955007589191
2018-02-16,21,Winter,257.0,1,0.20714084159606821
2018-02-16,22,Winter,235.0,1,0.23431090887623698
2018-02-16,23,Winter,174.0,1,0.04807060181565755
2018-02-17,0,Winter,194.0,1,0.016759884010609304
2018-02-17,1,Winter,203.0,1,0.01133949544011271
2018-02-17,2,Winter,160.5,1,0.0068164147113483784
2018-02-17,3,Winter,105.0,1,0.0048197576338351545
2018-02-17,4,Winter,66.5,1,0.004649348371863076
2018-02-17,5,Winter,36.0,1,0.006498973491097925
2018-02-17,6,Winter,38.5,0,0.008664491827569567
2018-02-17,7,Winter,59.5,0,0.00900112728124087
2018-02-17,8,Winter,104.5,0,0.009676954417194286
2018-02-17,9,Winter,147.5,0,0.008987495785322439
2018-02-17,10,Winter,161.5,0,0.005306366799699351
2018-02-17,11,Winter,204.5,0,0.006455262823193584
2018-02-17,12,Winter,239.0,0,0.004888124916307195
2018-02-17,13,Winter,269.5,0,0.00525539834299693
2018-02-17,14,Winter,298.0,0,0.007927252048494903
2018-02-17,15,Winter,318.5,0,0.007913799493912138
2018-02-17,16,Winter,302.5,0,0.007710992449496451
2018-02-17,17,Winter,277.0,0,0.007498443227575267
2018-02-17,18,Winter,219.0,0,0.005321122148935775
2018-02-17,19,Winter,177.0,0,0.02010057258932719
2018-02-17,20,Winter,165.5,0,0.025993176373909046
2018-02-17,21,Winter,173.5,0,0.022307822250995913
2018-02-17,22,Winter,170.0,0,0.02532889036980883
2018-02-17,23,Winter,146.0,0,0.010742751918610682
2018-02-18,0,Winter,194.0,0,0.0073939576820529875
2018-02-18,1,Winter,203.0,0,0.0063093550719698485
2018-02-18,2,Winter,160.5,0,0.0045327411088054
2018-02-18,3,Winter,105.0,0,0.002255191229272953
2018-02-18,4,Winter,66.5,0,0.0027561065808492033
2018-02-18,5,Winter,36.0,0,0.0031697230217022543
2018-02-18,6,Winter,38.5,0,0.0048582731560435
2018-02-18,7,Winter,59.5,0,0.006647704584352092
2018-02-18,8,Winter,104.5,0,0.0076875473211646134
2018-02-18,9,Winter,147.5,0,0.007977086009633459
2018-02-18,10,Winter,161.5,0,0.00477449320499501
2018-02-18,11,Winter,204.5,0,0.004195916228858311
2018-02-18,12,Winter,239.0,0,0.0035262417154990444
2018-02-18,13,Winter,269.5,0,0.004067323699110717
2018-02-18,14,Winter,298.0,0,0.004718993238153925
2018-02-18,15,Winter,318.5,0,0.0043798591226376716
2018-02-18,16,Winter,302.5,0,0.004155836894332415
2018-02-18,17,Winter,277.0,0,0.005089803920342812
2018-02-18,18,Winter,219.0,0,0.010929500572656554
2018-02-18,19,Winter,177.0,0,0.01426416235358587
2018-02-18,20,Winter,165.5,0,0.01392827934556415
2018-02-18,21,Winter,173.5,0,0.008801705976171033
2018-02-18,22,Winter,170.0,0,0.00957526209185239
2018-02-18,23,Winter,146.0,0,0.008452680667202119
2018-02-19,0,Winter,159.0,0,0.01207305119697473
2018-02-19,1,Winter,142.0,0,0.01214962541131277
2018-02-19,2,Winter,103.0,0,0.00926543355658836
2018-02-19,3,Winter,65.0,0,0.01086062881816203
2018-02-19,4,Winter,44.0,0,0.012663839412330864
2018-02-19,5,Winter,61.0,0,0.012843378883612292
2018-02-19,6,Winter,109.0,0,0.015121191564601622
2018-02-19,7,Winter,272.0,0,0.01907596857890483
2018-02-19,8,Winter,554.0,0,0.03886609251632685
2018-02-19,9,Winter,303.0,0,0.02069162495444557
2018-02-19,10,Winter,189.0,0,0.025251413490482905
2018-02-19,11,Winter,247.0,0,0.03019052360273796
2018-02-19,12,Winter,267.0,0,0.031884444473729505
2018-02-19,13,Winter,273.0,0,0.028199979426986894
2018-02-19,14,Winter,265.0,0,0.022432680223709787
2018-02-19,15,Winter,278.0,0,0.020118209704682522
2018-02-19,16,Winter,282.0,0,0.021922874215937076
2018-02-19,17,Winter,361.0,0,0.023081876616452602
2018-02-19,18,Winter,529.0,0,0.03373334199188532
2018-02-19,19,Winter,355.0,0,0.06713277057376388
2018-02-19,20,Winter,262.0,0,0.09184338180036392
2018-02-19,21,Winter,257.0,0,0.08539717782502533
2018-02-19,22,Winter,235.0,0,0.10419248080465338
2018-02-19,23,Winter,174.0,0,0.1359287311045214
2018-02-20,0,Winter,159.0,0,0.1539443052264476
2018-02-20,1,Winter,142.0,0,0.13358144482020032
2018-02-20,2,Winter,103.0,0,0.10928730655051362
2018-02-20,3,Winter,65.0,0,0.14327139939192063
2018-02-20,4,Winter,44.0,0,0.1802888655818335
2018-02-20,5,Winter,61.0,0,0.20183508507954032
2018-02-20,6,Winter,109.0,0,0.24540292055506413
2018-02-20,7,Winter,272.0,0,0.19788214022290987
2018-02-20,8,Winter,554.0,0,0.16210009646547943
2018-02-20,9,Winter,303.0,0,0.05679872460475231
2018-02-20,10,Winter,189.0,0,0.021353323201640698
2018-02-20,11,Winter,247.0,0,0.02193401771887412
2018-02-20,12,Winter,267.0,0,0.009663440980804693
2018-02-20,13,Winter,273.0,0,0.011116540726802421
2018-02-20,14,Winter,265.0,0,0.009602849850574203
2018-02-20,15,Winter,278.0,0,0.008431490898755407
2018-02-20,16,Winter,282.0,0,0.007470720895575135
2018-02-20,17,Winter,361.0,0,0.00924518144553208
2018-02-20,18,Winter,529.0,0,0.008098764432293815
2018-02-20,19,Winter,355.0,0,0.006780782094511886
2018-02-20,20,Winter,262.0,0,0.005751551009686262
2018-02-20,21,Winter,257.0,0,0.0042808477265895714
2018-02-20,22,Winter,235.0,0,0.004952168462479255
2018-02-20,23,Winter,174.0,0,0.006516810222935463
2018-02-21,0,Winter,159.0,0,0.006881347780490317
2018-02-21,1,Winter,142.0,0,0.005179747396638637
2018-02-21,2,Winter,103.0,0,0.005309807294545741
2018-02-21,3,Winter,65.0,0,0.005088033150198951
2018-02-21,4,Winter,44.0,0,0.005579990275371353
2018-02-21,5,Winter,61.0,0,0.009082728785607482
2018-02-21,6,Winter,109.0,0,0.012863972335107436
2018-02-21,7,Winter,272.0,0,0.01704153087787095
2018-02-21,8,Winter,554.0,0,0.01684756962748767
2018-02-21,9,Winter,303.0,0,0.009637246582094082
2018-02-21,10,Winter,189.0,0,0.00980124435295554
2018-02-21,11,Winter,247.0,0,0.007625104668920016
2018-02-21,12,Winter,267.0,0,0.00487480782802417
2018-02-21,13,Winter,273.0,0,0.005696572572076677
2018-02-21,14,Winter,265.0,0,0.005671524151337791
2018-02-21,15,Winter,278.0,0,0.005904729334635003
2018-02-21,16,Winter,282.0,0,0.006903035156808329
2018-02-21,17,Winter,361.0,0,0.00641771006196399
2018-02-21,18,Winter,529.0,0,0.00688360839015089
2018-02-21,19,Winter,355.0,0,0.042721313226031774
2018-02-21,20,Winter,262.0,0,0.040968389580932484
2018-02-21,21,Winter,257.0,0,0.08214294905961513
2018-02-21,22,Winter,235.0,0,0.07580158883833359
2018-02-21,23,Winter,174.0,0,0.0772749292010707
2018-02-22,0,Winter,159.0,0,0.0720127901320081
2018-02-22,1,Winter,142.0,0,0.05317955304065651
2018-02-22,2,Winter,103.0,0,0.038384782815727776
2018-02-22,3,Winter,65.0,0,0.040282387556963055
2018-02-22,4,Winter,44.0,0,0.041936981363156406
2018-02-22,5,Winter,61.0,0,0.05664166760979883
2018-02-22,6,Winter,109.0,0,0.0809783807679903
2018-02-22,7,Winter,272.0,0,0.10975380312124769
2018-02-22,8,Winter,554.0,0,0.10998474848486801
2018-02-22,9,Winter,303.0,0,0.04879281427145285
2018-02-22,10,Winter,189.0,0,0.031281565822643694
2018-02-22,11,Winter,247.0,0,0.03256933358798958
2018-02-22,12,Winter,267.0,0,0.05317101834262469
2018-02-22,13,Winter,273.0,0,0.09764842532200618
2018-02-22,14,Winter,265.0,0,0.10828835849252677
2018-02-22,15,Winter,278.0,0,0.10335147562173172
2018-02-22,16,Winter,282.0,0,0.10777818291221397
2018-02-22,17,Winter,361.0,0,0.11018079928954311
2018-02-22,18,Winter,529.0,0,0.13967716232897917
2018-02-22,19,Winter,355.0,0,0.13058022175616985
2018-02-22,20,Winter,262.0,0,0.12562003239070926
2018-02-22,21,Winter,257.0,0,0.1304918071548717
2018-02-22,22,Winter,235.0,0,0.11054541227566059
2018-02-22,23,Winter,174.0,0,0.08449108794083313
2018-02-23,0,Winter,159.0,1,0.48571469377865045
2018-02-23,1,Winter,142.0,1,0.45630730205096975
2018-02-23,2,Winter,103.0,0,0.42411472744639817
2018-02-23,3,Winter,65.0,1,0.9993377553894589
2018-02-23,4,Winter,44.0,0,0.4465411157106335
2018-02-23,5,Winter,61.0,0,0.2853869409852938
2018-02-23,6,Winter,109.0,0,0.3797538658039914
2018-02-23,7,Winter,272.0,0,0.4818555480607484
2018-02-23,8,Winter,554.0,0,0.5314494010927833
2018-02-23,9,Winter,303.0,0,0.521728432070825
2018-02-23,10,Winter,189.0,0,0.32757764211261486
2018-02-23,11,Winter,247.0,0,0.17552448548900654
2018-02-23,12,Winter,267.0,0,0.1635509035440409
2018-02-23,13,Winter,273.0,0,0.13220865176879712
2018-02-23,14,Winter,265.0,0,0.08039208464569453
2018-02-23,15,Winter,278.0,0,0.09414624626740223
2018-02-23,16,Winter,282.0,0,0.11594878367738232
2018-02-23,17,Winter,361.0,0,0.2520521451356699
2018-02-23,18,Winter,529.0,0,0.2987664852920992
2018-02-23,19,Winter,355.0,0,0.27333633444027444
2018-02-23,20,Winter,262.0,0,0.2691900502131017
2018-02-23,21,Winter,257.0,0,0.2605818706135041
2018-02-23,22,Winter,235.0,0,0.2452282276769332
2018-02-23,23,Winter,174.0,0,0.19879151450967414
2018-02-24,0,Winter,194.0,0,0.18364529706260568
2018-02-24,1,Winter,203.0,0,0.14532443390902322
2018-02-24,2,Winter,160.5,0,0.12309889019740163
2018-02-24,3,Winter,105.0,0,0.14868857162026858
2018-02-24,4,Winter,66.5,0,0.15517869952553395
2018-02-24,5,Winter,36.0,0,0.19739624416667054
2018-02-24,6,Winter,38.5,0,0.20553176275793894
2018-02-24,7,Winter,59.5,0,0.25795200580337135
2018-02-24,8,Winter,104.5,0,0.20657882140485717
2018-02-24,9,Winter,147.5,0,0.11324204083475876
2018-02-24,10,Winter,161.5,0,0.08759977696562388
2018-02-24,11,Winter,204.5,0,0.040947281234464644
2018-02-24,12,Winter,239.0,0,0.01256464484899408
2018-02-24,13,Winter,269.5,0,0.00838072076546631
2018-02-24,14,Winter,298.0,0,0.004544493301226604
2018-02-24,15,Winter,318.5,0,0.007749152198132274
2018-02-24,16,Winter,302.5,0,0.007370236715967337
2018-02-24,17,Winter,277.0,0,0.011873444161416127
2018-02-24,18,Winter,219.0,0,0.014314377246083683
2018-02-24,19,Winter,177.0,0,0.010493701620697557
2018-02-24,20,Winter,165.5,0,0.010393977987694944
2018-02-24,21,Winter,173.5,0,0.008042418871135486
2018-02-24,22,Winter,170.0,0,0.006736920542802756
2018-02-24,23,Winter,146.0,0,0.01050585668598849
2018-02-25,0,Winter,194.0,0,0.013647714349488277
2018-02-25,1,Winter,203.0,0,0.009959227446629785
2018-02-25,2,Winter,160.5,0,0.012742943509065
2018-02-25,3,Winter,105.0,0,0.007727667037323623
2018-02-25,4,Winter,66.5,0,0.008042213115360512
2018-02-25,5,Winter,36.0,0,0.007071295481218132
2018-02-25,6,Winter,38.5,0,0.010313173788858274
2018-02-25,7,Winter,59.5,0,0.01717336007396308
2018-02-25,8,Winter,104.5,0,0.037694125746807555
2018-02-25,9,Winter,147.5,0,0.02707387521179873
2018-02-25,10,Winter,161.5,0,0.018492336508454367
2018-02-25,11,Winter,204.5,0,0.0077219047681930395
2018-02-25,12,Winter,239.0,0,0.007691541122784791
2018-02-25,13,Winter,269.5,0,0.005891820353701558
2018-02-25,14,Winter,298.0,0,0.006567829436263366
2018-02-25,15,Winter,318.5,0,0.00648424283148333
2018-02-25,16,Winter,302.5,0,0.00542172590290059
2018-02-25,17,Winter,277.0,0,0.00869962708157643
2018-02-25,18,Winter,219.0,0,0.013336434283660754
2018-02-25,19,Winter,177.0,0,0.028680467897236588
2018-02-25,20,Winter,165.5,0,0.055658098187529634
2018-02-25,21,Winter,173.5,0,0.0818838469271928
2018-02-25,22,Winter,170.0,0,0.061221902790224124
2018-02-25,23,Winter,146.0,0,0.054143957235001004
2018-02-26,0,Winter,159.0,0,0.0601106622899521
2018-02-26,1,Winter,142.0,0,0.07062541852914551
2018-02-26,2,Winter,103.0,0,0.07738066517649585
2018-02-26,3,Winter,65.0,0,0.08317374265349056
2018-02-26,4,Winter,44.0,0,0.09779533674793686
2018-02-26,5,Winter,61.0,0,0.12583312944911526
2018-02-26,6,Winter,109.0,0,0.13045004468048363
2018-02-26,7,Winter,272.0,0,0.1264635837506578
2018-02-26,8,Winter,554.0,0,0.09924468521846316
2018-02-26,9,Winter,303.0,0,0.048821645828982706
2018-02-26,10,Winter,189.0,0,0.028247472451612497
2018-02-26,11,Winter,247.0,0,0.015316814887135882
2018-02-26,12,Winter,267.0,0,0.0066060647006158605
2018-02-26,13,Winter,273.0,0,0.006335498041305597
2018-02-26,14,Winter,265.0,0,0.006040900690365969
2018-02-26,15,Winter,278.0,0,0.005583897438174102
2018-02-26,16,Winter,282.0,0,0.012503311198634607
2018-02-26,17,Winter,361.0,0,0.011753904802212506
2018-02-26,18,Winter,529.0,0,0.007589468639694036
2018-02-26,19,Winter,355.0,0,0.00993042636048385
2018-02-26,20,Winter,262.0,0,0.008443973578225798
2018-02-26,21,Winter,257.0,0,0.009649451644840688
2018-02-26,22,Winter,235.0,0,0.010367372609476695
2018-02-26,23,Winter,174.0,0,0.007084167727693084
2018-02-27,0,Winter,159.0,0,0.008107287541809758
2018-02-27,1,Winter,142.0,0,0.008612169230684676
2018-02-27,2,Winter,103.0,0,0.008517253541221225
2018-02-27,3,Winter,65.0,0,0.008172816717740386
2018-02-27,4,Winter,44.0,0,0.009737081718742366
2018-02-27,5,Winter,61.0,0,0.01269025715991315
2018-02-27,6,Winter,109.0,0,0.015068474002788736
2018-02-27,7,Winter,272.0,0,0.01454333305789378
2018-02-27,8,Winter,554.0,0,0.023412921698421327
2018-02-27,9,Winter,303.0,0,0.02861487832097239
2018-02-27,10,Winter,189.0,0,0.02246970046925418
2018-02-27,11,Winter,247.0,0,0.015204148484261756
2018-02-27,12,Winter,267.0,0,0.01237730165856392
2018-02-27,13,Winter,273.0,0,0.017089254268544563
2018-02-27,14,Winter,265.0,0,0.020777973430170776
2018-02-27,15,Winter,278.0,0,0.040269160120633404
2018-02-27,16,Winter,282.0,0,0.0652085557227386
2018-02-27,17,Winter,361.0,0,0.07530305161137658
2018-02-27,18,Winter,529.0,0,0.09420323926963846
2018-02-27,19,Winter,355.0,0,0.02030978376684664
2018-02-27,20,Winter,262.0,0,0.017635349674107004
2018-02-27,21,Winter,257.0,0,0.015364834798993228
2018-02-27,22,Winter,235.0,0,0.01688667242929027
2018-02-27,23,Winter,174.0,0,0.020138810554534866
2018-02-28,0,Winter,159.0,0,0.014500227252368436
2018-02-28,1,Winter,142.0,0,0.014242710801363962
2018-02-28,2,Winter,103.0,0,0.013422651843515987
2018-02-28,3,Winter,65.0,0,0.014826593639645409
2018-02-28,4,Winter,44.0,0,0.01626633658038465
2018-02-28,5,Winter,61.0,0,0.022744818729850576
2018-02-28,6,Winter,109.0,0,0.029222639800604206
2018-02-28,7,Winter,272.0,0,0.0373079392599201
2018-02-28,8,Winter,554.0,0,0.03595279827435298
2018-02-28,9,Winter,303.0,0,0.03622173508114599
2018-02-28,10,Winter,189.0,0,0.03534077624930073
2018-02-28,11,Winter,247.0,0,0.034144119983979704
2018-02-28,12,Winter,267.0,0,0.03708052655327924
2018-02-28,13,Winter,273.0,1,0.08407262580405167
2018-02-28,14,Winter,265.0,1,0.5173254670896555
2018-02-28,15,Winter,278.0,1,0.9999538225950221
2018-02-28,16,Winter,282.0,1,0.6906183305425174
2018-02-28,17,Winter,361.0,1,0.7207137090926823
2018-02-28,18,Winter,529.0,1,0.9999999988070067
2018-02-28,19,Winter,355.0,1,0.745955138334682
2018-02-28,20,Winter,262.0,1,0.7508762359315752
2018-02-28,21,Winter,257.0,1,0.9999999971563052
2018-02-28,22,Winter,235.0,1,0.6549857570047575
2018-02-28,23,Winter,174.0,1,0.5371352146827948
2018-05-08,0,Spring,400.0,0,0.03819639534329282
2018-05-08,1,Spring,283.0,0,0.021846622868870614
2018-05-08,2,Spring,203.0,0,0.027313065748570682
2018-05-08,3,Spring,127.0,0,0.02397428184770151
2018-05-08,4,Spring,87.0,0,0.024459714367404954
2018-05-08,5,Spring,106.0,0,0.0298998538439472
2018-05-08,6,Spring,252.0,0,0.03405631949448369
2018-05-08,7,Spring,665.0,0,0.029828680581622653
2018-05-08,8,Spring,1215.0,0,0.01739434559291026
2018-05-08,9,Spring,699.0,0,0.013201045499015279
2018-05-08,10,Spring,505.0,0,0.012171011724246117
2018-05-08,11,Spring,598.0,0,0.009889275445397732
2018-05-08,12,Spring,756.0,0,0.011398979159939997
2018-05-08,13,Spring,716.0,0,0.013020751327498872
2018-05-08,14,Spring,758.0,0,0.010610206401878212
2018-05-08,15,Spring,849.0,0,0.008666586840672017
2018-05-08,16,Spring,957.0,0,0.01018906498565788
2018-05-08,17,Spring,1194.0,0,0.00792054580219967
2018-05-08,18,Spring,1776.0,0,0.0082404509141951
2018-05-08,19,Spring,1224.0,0,0.012663378780151415
2018-05-08,20,Spring,1045.0,0,0.018820281355720028
2018-05-08,21,Spring,982.0,0,0.020887856542220203
2018-05-08,22,Spring,907.0,0,0.031012946084213965
2018-05-08,23,Spring,572.0,0,0.033323470590802325
2018-05-09,0,Spring,400.0,0,0.028645576908307484
2018-05-09,1,Spring,283.0,1,0.024434981707791403
2018-05-09,2,Spring,203.0,0,0.02391455150025252
2018-05-09,3,Spring,127.0,0,0.02298931073918912
2018-05-09,4,Spring,87.0,0,0.04062258202219838
2018-05-09,5,Spring,106.0,0,0.04408655384040754
2018-05-09,6,Spring,252.0,0,0.04766735313064353
2018-05-09,7,Spring,665.0,0,0.035811485520878795
2018-05-09,8,Spring,1215.0,0,0.024976370165305996
2018-05-09,9,Spring,699.0,0,0.0124340999262728
2018-05-09,10,Spring,505.0,0,0.010741977835178006
2018-05-09,11,Spring,598.0,0,0.008642702518439502
2018-05-09,12,Spring,756.0,0,0.009311754519025993
2018-05-09,13,Spring,716.0,0,0.006154385533488618
2018-05-09,14,Spring,758.0,0,0.007496007636584469
2018-05-09,15,Spring,849.0,0,0.007631254683446258
2018-05-09,16,Spring,957.0,0,0.007335673868208224
2018-05-09,17,Spring,1194.0,0,0.006593180779202736
2018-05-09,18,Spring,1776.0,0,0.010830375173552063
2018-05-09,19,Spring,1224.0,0,0.020278801151957966
2018-05-09,20,Spring,1045.0,0,0.027506009690565228
2018-05-09,21,Spring,982.0,0,0.02539246812946908
2018-05-09,22,Spring,907.0,0,0.04228584290650537
2018-05-09,23,Spring,572.0,0,0.03490525905169747
2018-05-11,0,Spring,400.0,0,0.13179852815213172
2018-05-11,1,Spring,283.0,0,0.11971223947011805
2018-05-11,2,Spring,203.0,0,0.11400537802118832
2018-05-11,3,Spring,127.0,0,0.10825511735041854
2018-05-11,4,Spring,87.0,0,0.09968570352228093
2018-05-11,5,Spring,106.0,0,0.11481160913802951
2018-05-11,6,Spring,252.0,0,0.09660710342644295
2018-05-11,7,Spring,665.0,0,0.1133031454397266
2018-05-11,8,Spring,1215.0,0,0.09849726425824584
2018-05-11,9,Spring,699.0,0,0.0605583126640924
2018-05-11,10,Spring,505.0,0,0.04378293586311978
2018-05-11,11,Spring,598.0,0,0.019189416902177892
2018-05-11,12,Spring,756.0,0,0.009389255852751
2018-05-11,13,Spring,716.0,0,0.011064357087492043
2018-05-11,14,Spring,758.0,0,0.012352199368378888
2018-05-11,15,Spring,849.0,0,0.017018884960433755
2018-05-11,16,Spring,957.0,0,0.033475334342634805
2018-05-11,17,Spring,1194.0,0,0.01583226699816818
2018-05-11,18,Spring,1776.0,0,0.011025494269206257
2018-05-11,19,Spring,1224.0,0,0.02449441937015776
2018-05-11,20,Spring,1045.0,0,0.017450504601796386
2018-05-11,21,Spring,982.0,0,0.015745158726621994
2018-05-11,22,Spring,907.0,0,0.01444338532530581
2018-05-11,23,Spring,572.0,0,0.009015405418900608
2018-05-12,0,Spring,444.5,0,0.00756788122138896
2018-05-12,1,Spring,354.5,0,0.005234191848827422
2018-05-12,2,Spring,253.5,0,0.010587342093371479
2018-05-12,3,Spring,165.5,0,0.010242654646897036
2018-05-12,4,Spring,104.5,0,0.010102905067180232
2018-05-12,5,Spring,66.0,0,0.01192712441241562
2018-05-12,6,Spring,105.0,1,0.06839207591718212
2018-05-12,7,Spring,195.5,1,0.11581405326076606
2018-05-12,8,Spring,363.0,1,0.6234204269542442
2018-05-12,9,Spring,415.5,1,0.9961991920901258
2018-05-12,10,Spring,490.0,1,0.992815219473105
2018-05-12,11,Spring,586.5,1,0.999210511803026
2018-05-12,12,Spring,730.0,1,0.9861407626497991
2018-05-12,13,Spring,866.0,1,0.9984632056988693
2018-05-12,14,Spring,1009.0,1,0.9885139549101272
2018-05-12,15,Spring,1076.5,1,0.9985560892960843
2018-05-12,16,Spring,1132.0,1,0.965471595637952
2018-05-12,17,Spring,972.0,1,0.9649260017815627
2018-05-12,18,Spring,772.0,1,0.9863376350770596
2018-05-12,19,Spring,604.0,1,0.9798044297104256
2018-05-12,20,Spring,580.5,1,0.8128431836074237
2018-05-12,21,Spring,560.5,1,0.5474633553701285
2018-05-12,22,Spring,539.0,1,0.8893948023796082
2018-05-12,23,Spring,395.0,1,0.7460882256351434
2018-05-13,0,Spring,444.5,1,0.4377080694537209
2018-05-13,1,Spring,354.5,0,0.2786269628509638
2018-05-13,2,Spring,253.5,0,0.29099304119634023
2018-05-13,3,Spring,165.5,0,0.2763480878078468
2018-05-13,4,Spring,104.5,0,0.25265911514419
2018-05-13,5,Spring,66.0,0,0.20457275291572213
2018-05-13,6,Spring,105.0,0,0.22265903494905792
2018-05-13,7,Spring,195.5,0,0.3149210180546227
2018-05-13,8,Spring,363.0,0,0.3693394409224541
2018-05-13,9,Spring,415.5,0,0.34271075579900173
2018-05-13,10,Spring,490.0,0,0.3090244285430597
2018-05-13,11,Spring,586.5,0,0.15779308473226292
2018-05-13,12,Spring,730.0,0,0.05671709940057299
2018-05-13,13,Spring,866.0,0,0.060878689090995364
2018-05-13,14,Spring,1009.0,0,0.0645772430472426
2018-05-13,15,Spring,1076.5,0,0.05772009254413836
2018-05-13,16,Spring,1132.0,0,0.07168706916528877
2018-05-13,17,Spring,972.0,0,0.0587082397285734
2018-05-13,18,Spring,772.0,0,0.05497097807214152
2018-05-13,19,Spring,604.0,0,0.09995796922172595
2018-05-13,20,Spring,580.5,0,0.19029761663897293
2018-05-13,21,Spring,560.5,0,0.18928397687728477
2018-05-13,22,Spring,539.0,0,0.2107603243552509
2018-05-13,23,Spring,395.0,0,0.17886970996666487
2018-05-14,0,Spring,400.0,0,0.18070324035476207
2018-05-14,1,Spring,283.0,0,0.23192314746051015
2018-05-14,2,Spring,203.0,0,0.22055094700518116
2018-05-14,3,Spring,127.0,0,0.22597685598514866
2018-05-14,4,Spring,87.0,0,0.20891703247261392
2018-05-14,5,Spring,106.0,0,0.1939766152392919
2018-05-14,6,Spring,252.0,0,0.14753654466027188
2018-05-14,7,Spring,665.0,0,0.1265034289435734
2018-05-14,8,Spring,1215.0,0,0.09379457608242983
2018-05-14,9,Spring,699.0,0,0.06715617935406162
2018-05-14,10,Spring,505.0,0,0.042810332103883166
2018-05-14,11,Spring,598.0,0,0.040140864931039646
2018-05-14,12,Spring,756.0,0,0.0340411711654131
2018-05-14,13,Spring,716.0,0,0.025587088781532017
2018-05-14,14,Spring,758.0,0,0.01785744331925922
2018-05-14,15,Spring,849.0,0,0.02165817966714446
2018-05-14,16,Spring,957.0,0,0.01617079198288488
2018-05-14,17,Spring,1194.0,0,0.010380875334773476
2018-05-14,18,Spring,1776.0,0,0.010352188810979459
2018-05-14,19,Spring,1224.0,0,0.014625461061407266
2018-05-14,20,Spring,1045.0,0,0.027068873863207155
2018-05-14,21,Spring,982.0,0,0.02643046135832443
2018-05-14,22,Spring,907.0,0,0.027765330390549903
2018-05-14,23,Spring,572.0,0,0.029747326556431256
2018-05-15,0,Spring,400.0,0,0.035241456157674315
2018-05-15,1,Spring,283.0,0,0.03578338166818503
2018-05-15,2,Spring,203.0,0,0.02377108615567169
2018-05-15,3,Spring,127.0,0,0.024402920407315322
2018-05-15,4,Spring,87.0,0,0.02867614659163242
2018-05-15,5,Spring,106.0,0,0.035367148276860036
2018-05-15,6,Spring,252.0,0,0.08094211760095113
2018-05-15,7,Spring,665.0,0,0.06281464757712908
2018-05-15,8,Spring,1215.0,0,0.023742995276817724
2018-05-15,9,Spring,699.0,0,0.006151686999908182
2018-05-15,10,Spring,505.0,0,0.0018932156680956651
2018-05-15,11,Spring,598.0,0,0.002118797439182051
2018-05-15,12,Spring,756.0,0,0.002030407798341133
2018-05-15,13,Spring,716.0,0,0.00204356892564118
2018-05-15,14,Spring,758.0,0,0.001786211186625181
2018-05-15,15,Spring,849.0,0,0.003402125066106172
2018-05-15,16,Spring,957.0,0,0.0036789401060051334
2018-05-15,17,Spring,1194.0,0,0.004581317559125372
2018-05-15,18,Spring,1776.0,0,0.006484465337033623
2018-05-15,19,Spring,1224.0,0,0.004878195016131317
2018-05-15,20,Spring,1045.0,0,0.005998583818472841
2018-05-15,21,Spring,982.0,0,0.006251532668131917
2018-05-15,22,Spring,907.0,0,0.006424392804404289
2018-05-15,23,Spring,572.0,0,0.0063597384993068625
2018-05-16,0,Spring,400.0,0,0.006745383084139968
2018-05-16,1,Spring,283.0,0,0.007827404877047162
2018-05-16,2,Spring,203.0,0,0.01187557973096671
2018-05-16,3,Spring,127.0,0,0.21260085697755163
2018-05-16,4,Spring,87.0,0,0.03904973835537992
2018-05-16,5,Spring,106.0,1,0.046863181530667666
2018-05-16,6,Spring,252.0,0,0.873307627028541
2018-05-16,7,Spring,665.0,0,0.12232554892308883
2018-05-16,8,Spring,1215.0,1,0.14723212316062437
2018-05-16,9,Spring,699.0,1,0.9991608524730123
2018-05-16,10,Spring,505.0,1,0.6961236917217148
2018-05-16,11,Spring,598.0,1,0.41356674846554764
2018-05-16,12,Spring,756.0,1,0.34950371819519893
2018-05-16,13,Spring,716.0,1,1.0
2018-05-16,14,Spring,758.0,1,0.5620559470128925
2018-05-16,15,Spring,849.0,1,0.4791650651007574
2018-05-16,16,Spring,957.0,1,0.4399615070219414
2018-05-16,17,Spring,1194.0,1,0.727703734605069
2018-05-16,18,Spring,1776.0,1,0.39939182527317313
2018-05-16,19,Spring,1224.0,1,0.36278423220570405
2018-05-16,20,Spring,1045.0,1,0.5655314237858962
2018-05-16,21,Spring,982.0,1,0.4654136928976917
2018-05-16,22,Spring,907.0,1,0.20061862952198142
2018-05-16,23,Spring,572.0,1,0.15026329052321577
2018-05-17,0,Spring,400.0,1,0.3205617443982411
2018-05-17,1,Spring,283.0,0,0.31185676448583505
2018-05-17,2,Spring,203.0,1,0.5021852727122125
2018-05-17,3,Spring,127.0,1,0.9530985397683408
2018-05-17,4,Spring,87.0,0,1.0
2018-05-17,5,Spring,106.0,0,0.24398772255126144
2018-05-17,6,Spring,252.0,1,0.16416582329063215
2018-05-17,7,Spring,665.0,1,0.17468946706971253
2018-05-17,8,Spring,1215.0,1,0.9999999999987452
2018-05-17,9,Spring,699.0,1,0.999999997648682
2018-05-17,10,Spring,505.0,1,0.9742889833816698
2018-05-17,11,Spring,598.0,1,0.9899072465437926
2018-05-17,12,Spring,756.0,0,0.9482973357408414
2018-05-17,13,Spring,716.0,0,0.23967788795885256
2018-05-17,14,Spring,758.0,1,0.18924006907394034
2018-05-17,15,Spring,849.0,1,0.6277562917458785
2018-05-17,16,Spring,957.0,1,0.3217960862710172
2018-05-17,17,Spring,1194.0,1,0.9883599562716912
2018-05-17,18,Spring,1776.0,1,0.9232386760044243
2018-05-17,19,Spring,1224.0,1,0.34915047653097836
2018-05-17,20,Spring,1045.0,1,0.9999999999914602
2018-05-17,21,Spring,982.0,1,0.9994197814869995
2018-05-17,22,Spring,907.0,1,0.9999875310250689
2018-05-17,23,Spring,572.0,1,0.9837591686755415
2018-05-18,0,Spring,400.0,1,0.6802959350416702
2018-05-18,1,Spring,283.0,1,0.6195974128863018
2018-05-18,2,Spring,203.0,1,0.36305131776223276
2018-05-18,3,Spring,127.0,1,0.9322926621927937
2018-05-18,4,Spring,87.0,1,0.6363108037011347
2018-05-18,5,Spring,106.0,1,0.3967257731830687
2018-05-18,6,Spring,252.0,1,0.18218858294045892
2018-05-18,7,Spring,665.0,1,0.46335063884500455
2018-05-18,8,Spring,1215.0,1,0.28836611942734136
2018-05-18,9,Spring,699.0,0,0.5799347076673105
2018-05-18,10,Spring,505.0,0,0.421142653108717
2018-05-18,11,Spring,598.0,0,0.41645726781503084
2018-05-18,12,Spring,756.0,1,0.45866842585834694
2018-05-18,13,Spring,716.0,0,0.75775744728153
2018-05-18,14,Spring,758.0,0,0.49959635813514947
2018-05-18,15,Spring,849.0,0,0.45234817489585954
2018-05-18,16,Spring,957.0,0,0.40841155778913185
2018-05-18,17,Spring,1194.0,0,0.3327424900465018
2018-05-18,18,Spring,1776.0,0,0.273517927540216
2018-05-18,19,Spring,1224.0,0,0.20322431661116938
2018-05-18,20,Spring,1045.0,0,0.20187620528479636
2018-05-18,21,Spring,982.0,0,0.15030232952204445
2018-05-18,22,Spring,907.0,0,0.1275102062423194
2018-05-18,23,Spring,572.0,0,0.07596621250327312
2018-05-19,0,Spring,444.5,0,0.0472835675298096
2018-05-19,1,Spring,354.5,0,0.07857641753122799
2018-05-19,2,Spring,253.5,0,0.08082383185375336
2018-05-19,3,Spring,165.5,0,0.06581312850121525
2018-05-19,4,Spring,104.5,0,0.06655053509304963
2018-05-19,5,Spring,66.0,0,0.059737785852476
2018-05-19,6,Spring,105.0,0,0.06090096624662781
2018-05-19,7,Spring,195.5,0,0.00016019318306916943
2018-05-19,8,Spring,363.0,0,0.024823186326674927
2018-05-19,9,Spring,415.5,0,0.013044735376963955
2018-05-19,10,Spring,490.0,0,0.010885085956924391
2018-05-19,11,Spring,586.5,0,0.008941770478101239
2018-05-19,12,Spring,730.0,0,0.008852986585002996
2018-05-19,13,Spring,866.0,0,0.006676285730894874
2018-05-19,14,Spring,1009.0,0,0.007483604051605617
2018-05-19,15,Spring,1076.5,0,0.004844472383798503
2018-05-19,16,Spring,1132.0,0,0.003355658514084644
2018-05-19,17,Spring,972.0,0,0.0035066753736357733
2018-05-19,18,Spring,772.0,0,0.0029998955267380124
2018-05-19,19,Spring,604.0,0,0.002803668548014514
2018-05-19,20,Spring,580.5,0,0.002673281925927275
2018-05-19,21,Spring,560.5,0,0.002431147005871973
2018-05-19,22,Spring,539.0,0,0.0021296885049388666
2018-05-19,23,Spring,395.0,0,0.0026133443173281417
2018-05-20,0,Spring,444.5,0,0.0034476255784688763
2018-05-20,1,Spring,354.5,0,0.003990343935050066
2018-05-20,2,Spring,253.5,0,0.003705325317682215
2018-05-20,3,Spring,165.5,0,0.0031641908974738638
2018-05-20,4,Spring,104.5,0,0.004335550018961739
2018-05-20,5,Spring,66.0,0,0.007463358346089324
2018-05-20,6,Spring,105.0,0,0.006863162843244913
2018-05-20,7,Spring,195.5,0,0.005797530334771237
2018-05-20,8,Spring,363.0,0,0.004181254813296351
2018-05-20,9,Spring,415.5,0,0.003192334311678229
2018-05-20,10,Spring,490.0,0,0.004819903659559543
2018-05-20,11,Spring,586.5,0,0.0029646456901633797
2018-05-20,12,Spring,730.0,0,0.0033927656899846413
2018-05-20,13,Spring,866.0,0,0.004358915330474604
2018-05-20,14,Spring,1009.0,0,0.003828072429947234
2018-05-20,15,Spring,1076.5,0,0.003045689416343485
2018-05-20,16,Spring,1132.0,0,0.0018705036899069626
2018-05-20,17,Spring,972.0,0,0.0017605240971161232
2018-05-20,18,Spring,772.0,0,0.0012856784707435064
2018-05-20,19,Spring,604.0,0,0.0015535583817521982
2018-05-20,20,Spring,580.5,0,0.0016494814083191332
2018-05-20,21,Spring,560.5,0,0.001438176468568025
2018-05-20,22,Spring,539.0,0,0.0016210522383328116
2018-05-20,23,Spring,395.0,0,0.0015548120865212357
2018-05-21,0,Spring,400.0,0,0.0015573798564628078
2018-05-21,1,Spring,283.0,0,0.0016671005047586831
2018-05-21,2,Spring,203.0,0,9.971306606973837e-05
2018-05-21,3,Spring,127.0,0,0.00010311639971035545
2018-05-21,4,Spring,87.0,0,0.00010986622347995035
2018-05-21,5,Spring,106.0,0,0.00013541469233833097
2018-05-21,6,Spring,252.0,0,0.00014714201698824735
2018-05-21,7,Spring,665.0,0,0.00016503284969771008
2018-05-21,8,Spring,1215.0,0,0.0023192542766575434
2018-05-21,9,Spring,699.0,0,0.001735921036239115
2018-05-21,10,Spring,505.0,0,0.0018726286011775783
2018-05-21,11,Spring,598.0,0,0.0020858611233235493
2018-05-21,12,Spring,756.0,0,0.0035302636235743424
2018-05-21,13,Spring,716.0,0,0.0034500645720941902
2018-05-21,14,Spring,758.0,0,0.006694267443602943
2018-05-21,15,Spring,849.0,0,0.006578875339074443
2018-05-21,16,Spring,957.0,0,0.010758065302260518
2018-05-21,17,Spring,1194.0,0,0.014978277468950273
2018-05-21,18,Spring,1776.0,0,0.01783039751719407
2018-05-21,19,Spring,1224.0,0,0.028443475970267394
2018-05-21,20,Spring,1045.0,0,0.03880080559594393
2018-05-21,21,Spring,982.0,0,0.030025305775526603
2018-05-21,22,Spring,907.0,0,0.02938033642685788
2018-05-21,23,Spring,572.0,0,0.04190678120754708
2018-05-22,0,Spring,400.0,0,0.03766860933470109
2018-05-22,1,Spring,283.0,0,0.03696724949250571
2018-05-22,2,Spring,203.0,0,0.04336559635258273
2018-05-22,3,Spring,127.0,0,6.245712038474615e-05
2018-05-22,4,Spring,87.0,0,6.230253583403804e-05
2018-05-22,5,Spring,106.0,0,7.05960350223609e-05
2018-05-22,6,Spring,252.0,0,8.32196964614645e-05
2018-05-22,7,Spring,665.0,0,0.04158563159807275
2018-05-22,8,Spring,1215.0,0,0.025397765240457042
2018-05-22,9,Spring,699.0,0,0.027467374201037547
2018-05-22,10,Spring,505.0,0,0.018270505093533135
2018-05-22,11,Spring,598.0,0,0.019432801224066907
2018-05-22,12,Spring,756.0,0,0.012953707267706414
2018-05-22,13,Spring,716.0,0,0.015292815303498379
2018-05-22,14,Spring,758.0,0,0.021420075961275684
2018-05-22,15,Spring,849.0,1,0.14058143250363164
2018-05-22,16,Spring,957.0,1,0.3412610743060218
2018-05-22,17,Spring,1194.0,1,0.742809133893825
2018-05-22,18,Spring,1776.0,1,0.9752891012105412
2018-05-22,19,Spring,1224.0,1,0.9125355067701727
2018-05-22,20,Spring,1045.0,1,0.41349489965250824
2018-05-22,21,Spring,982.0,1,0.36220447357305163
2018-05-22,22,Spring,907.0,1,0.3211347018626588
2018-05-22,23,Spring,572.0,1,0.982808762456396
2018-05-23,0,Spring,400.0,1,0.9982051851852092
2018-05-23,1,Spring,283.0,1,0.9952243597563369
2018-05-23,2,Spring,203.0,1,0.9942465480752712
2018-05-23,3,Spring,127.0,1,0.47964788488949434
2018-05-23,4,Spring,87.0,0,0.32316807046113855
2018-05-23,5,Spring,106.0,0,0.21673033921431564
2018-05-23,6,Spring,252.0,0,0.2245125537466244
2018-05-23,7,Spring,665.0,0,0.11385839664394054
2018-05-23,8,Spring,1215.0,0,0.10934304394730988
2018-05-23,9,Spring,699.0,0,0.04151787859609374
2018-05-23,10,Spring,505.0,0,0.038412612064849284
2018-05-23,11,Spring,598.0,0,0.014458215446419087
2018-05-23,12,Spring,756.0,0,0.010027625996634267
2018-05-23,13,Spring,716.0,0,0.0072487831692796875
2018-05-23,14,Spring,758.0,0,0.006741919840871836
2018-05-23,15,Spring,849.0,0,0.003906412778176089
2018-05-23,16,Spring,957.0,0,0.007027574670887134
2018-05-23,17,Spring,1194.0,0,0.00992744491834595
2018-05-23,18,Spring,1776.0,0,0.01103660723145387
2018-05-23,19,Spring,1224.0,0,0.03512387838631499
2018-05-23,20,Spring,1045.0,0,0.057878533629534476
2018-05-23,21,Spring,982.0,0,0.04508404848014283
2018-05-23,22,Spring,907.0,0,0.029372602237456195
2018-05-23,23,Spring,572.0,0,0.01637815345792506
2018-05-24,0,Spring,400.0,0,0.011274992627991975
2018-05-24,1,Spring,283.0,0,0.023199636451358085
2018-05-24,2,Spring,203.0,0,0.010800428584775201
2018-05-24,3,Spring,127.0,0,0.026148108691117555
2018-05-24,4,Spring,87.0,0,0.03205909238858939
2018-05-24,5,Spring,106.0,0,0.0335873121042722
2018-05-24,6,Spring,252.0,0,0.04640465450487375
2018-05-24,7,Spring,665.0,0,0.03533968205996663
2018-05-24,8,Spring,1215.0,0,0.012126867671677184
2018-05-24,9,Spring,699.0,0,0.0018474098187866831
2018-05-24,10,Spring,505.0,0,0.0020824289385736505
2018-05-24,11,Spring,598.0,0,0.00296447076594277
2018-05-24,12,Spring,756.0,0,0.008793308232737397
2018-05-24,13,Spring,716.0,0,0.006483555208925063
2018-05-24,14,Spring,758.0,0,0.009018887013132824
2018-05-24,15,Spring,849.0,0,0.007035263109358892
2018-05-24,16,Spring,957.0,0,0.008000135988099838
2018-05-24,17,Spring,1194.0,0,0.007255267744611613
2018-05-24,18,Spring,1776.0,0,0.00709749420503234
2018-05-24,19,Spring,1224.0,0,0.009884879578781683
2018-05-24,20,Spring,1045.0,0,0.010413077681502084
2018-05-24,21,Spring,982.0,0,0.010533461762384554
2018-05-24,22,Spring,907.0,0,0.01405384948628672
2018-05-24,23,Spring,572.0,0,0.011403908498304598
2018-05-25,0,Spring,400.0,0,0.01064808742115208
2018-05-25,1,Spring,283.0,0,0.01162806707491724
2018-05-25,2,Spring,203.0,0,0.02275040856848893
2018-05-25,3,Spring,127.0,0,0.025037464103804717
2018-05-25,4,Spring,87.0,0,0.02579465356584052
2018-05-25,5,Spring,106.0,0,0.041910846523842006
2018-05-25,6,Spring,252.0,0,0.046785385517482465
2018-05-25,7,Spring,665.0,0,0.029091593067665535
2018-05-25,8,Spring,1215.0,0,0.014265115265458745
2018-05-25,9,Spring,699.0,0,0.004427603419819414
2018-05-25,10,Spring,505.0,0,0.0021878771140156975
2018-05-25,11,Spring,598.0,0,0.002417634690060377
2018-05-25,12,Spring,756.0,0,0.0015725445793339458
2018-05-25,13,Spring,716.0,0,0.001806259950806081
2018-05-25,14,Spring,758.0,0,0.0014495641538940724
2018-05-25,15,Spring,849.0,0,0.0021718269058018536
2018-05-25,16,Spring,957.0,0,0.0035560922311835734
2018-05-25,17,Spring,1194.0,0,0.003139177014194216
2018-05-25,18,Spring,1776.0,0,0.00358371981865512
2018-05-25,19,Spring,1224.0,0,0.00550275162790647
2018-05-25,20,Spring,1045.0,0,0.008243982299843942
2018-05-25,21,Spring,982.0,0,0.010158273057055748
2018-05-25,22,Spring,907.0,0,0.01327348922899515
2018-05-25,23,Spring,572.0,0,0.009855124446153137
2018-05-26,0,Spring,444.5,0,0.011185648133538827
2018-05-26,1,Spring,354.5,0,0.013976046865317275
2018-05-26,2,Spring,253.5,0,0.01599411872301739
2018-05-26,3,Spring,165.5,0,0.019857074027393087
2018-05-26,4,Spring,104.5,0,0.028978109836496537
2018-05-26,5,Spring,66.0,0,0.03165765459162049
2018-05-26,6,Spring,105.0,0,0.03457994639192064
2018-05-26,7,Spring,195.5,0,0.018667598086302545
2018-05-26,8,Spring,363.0,0,0.0064126931746211644
2018-05-26,9,Spring,415.5,0,0.00298405426765194
2018-05-26,10,Spring,490.0,0,0.00269917084237546
2018-05-26,11,Spring,586.5,0,0.0014726897604922407
2018-05-26,12,Spring,730.0,0,0.0011252635685058288
2018-05-26,13,Spring,866.0,0,0.0014601831524280453
2018-05-26,14,Spring,1009.0,0,0.001353290022340662
2018-05-26,15,Spring,1076.5,0,0.0011550245013480951
2018-05-26,16,Spring,1132.0,0,0.0015250587485626005
2018-05-26,17,Spring,972.0,0,0.0027167054164059156
2018-05-26,18,Spring,772.0,0,0.0014549311564328606
2018-05-26,19,Spring,604.0,0,0.006754871606512864
2018-05-26,20,Spring,580.5,0,0.01012103823865217
2018-05-26,21,Spring,560.5,0,0.011729156529032668
2018-05-26,22,Spring,539.0,0,0.011132361735828898
2018-05-26,23,Spring,395.0,0,0.011502657226845861
2018-05-27,0,Spring,444.5,0,0.013910621968593077
2018-05-27,1,Spring,354.5,0,0.00793123256794828
2018-05-27,2,Spring,253.5,0,0.009320945901616693
2018-05-27,3,Spring,165.5,0,0.008034763340783898
2018-05-27,4,Spring,104.5,0,0.007897231425106585
2018-05-27,5,Spring,66.0,0,4.422621099553147e-05
2018-05-27,6,Spring,105.0,0,0.013898080697905749
2018-05-27,7,Spring,195.5,0,6.549318200918988e-05
2018-05-27,8,Spring,363.0,0,0.008071906776784106
2018-05-27,9,Spring,415.5,0,0.00427852834669769
2018-05-27,10,Spring,490.0,0,0.002079247595842842
2018-05-27,11,Spring,586.5,0,0.002438409663819171
2018-05-27,12,Spring,730.0,0,0.004779150369016004
2018-05-27,13,Spring,866.0,0,0.003956342167362555
2018-05-27,14,Spring,1009.0,0,0.006334115138325641
2018-05-27,15,Spring,1076.5,0,0.005640349231371547
2018-05-27,16,Spring,1132.0,0,0.004015030996618056
2018-05-27,17,Spring,972.0,0,0.003932017092582858
2018-05-27,18,Spring,772.0,0,0.004742628200799545
2018-05-27,19,Spring,604.0,0,0.00467716302793855
2018-05-27,20,Spring,580.5,0,0.005661812667719482
2018-05-27,21,Spring,560.5,0,0.006982930822305707
2018-05-27,22,Spring,539.0,0,0.007697571737141282
2018-05-27,23,Spring,395.0,0,0.0101316859675504
2018-05-28,0,Spring,400.0,0,0.01006092429306379
2018-05-28,1,Spring,283.0,0,0.014897753430459433
2018-05-28,2,Spring,203.0,0,0.01030926741852571
2018-05-28,3,Spring,127.0,0,0.007421558101101556
2018-05-28,4,Spring,87.0,0,5.352303505831389e-05
2018-05-28,5,Spring,106.0,0,6.194933642051547e-05
2018-05-28,6,Spring,252.0,0,7.39813746882506e-05
2018-05-28,7,Spring,665.0,0,8.157911906558888e-05
2018-05-28,8,Spring,1215.0,0,0.006005256926770782
2018-05-28,9,Spring,699.0,0,0.0064462210685309745
2018-05-28,10,Spring,505.0,0,0.007707047375176156
2018-05-28,11,Spring,598.0,0,0.005563871640903365
2018-05-28,12,Spring,756.0,0,0.0064821034034940475
2018-05-28,13,Spring,716.0,0,0.004205049418181868
2018-05-28,14,Spring,758.0,0,0.0037637989906093355
2018-05-28,15,Spring,849.0,0,0.005535233987401285
2018-05-28,16,Spring,957.0,0,0.005844107462218629
2018-05-28,17,Spring,1194.0,0,0.007618502395387475
2018-05-28,18,Spring,1776.0,0,0.005410525940743406
2018-05-28,19,Spring,1224.0,0,0.008607474697073857
2018-05-28,20,Spring,1045.0,0,0.011314069897364356
2018-05-28,21,Spring,982.0,0,0.010766744846843763
2018-05-28,22,Spring,907.0,0,0.009971889360712206
2018-05-28,23,Spring,572.0,0,0.008178893653881652
2018-05-29,0,Spring,400.0,0,0.009294128162679263
2018-05-29,1,Spring,283.0,0,0.006817656617659151
2018-05-29,2,Spring,203.0,0,0.007811622674051816
2018-05-29,3,Spring,127.0,0,0.007619566702051231
2018-05-29,4,Spring,87.0,0,0.009908408485913048
2018-05-29,5,Spring,106.0,0,0.011920513532766665
2018-05-29,6,Spring,252.0,0,0.012927569171716544
2018-05-29,7,Spring,665.0,0,0.01370080663005675
2018-05-29,8,Spring,1215.0,0,0.024101318233436933
2018-05-29,9,Spring,699.0,0,0.027278302726730454
2018-05-29,10,Spring,505.0,0,0.037883769040019714
2018-05-29,11,Spring,598.0,0,0.031234686182600554
2018-05-29,12,Spring,756.0,0,0.04564163871600218
2018-05-29,13,Spring,716.0,0,0.02112540372264036
2018-05-29,14,Spring,758.0,0,0.014264319564439005
2018-05-29,15,Spring,849.0,0,0.019162904237727558
2018-05-29,16,Spring,957.0,0,0.08765865610463706
2018-05-29,17,Spring,1194.0,0,0.05197898549470948
2018-05-29,18,Spring,1776.0,0,0.07860277059463491
2018-05-29,19,Spring,1224.0,1,0.07907387542236863
2018-05-29,20,Spring,1045.0,1,0.6990097798220751
2018-05-29,21,Spring,982.0,0,0.22899413164966612
2018-05-29,22,Spring,907.0,0,0.11421584195436736
2018-05-29,23,Spring,572.0,0,0.12304397105359906
2018-05-30,0,Spring,400.0,0,0.07679886796718646
2018-05-30,1,Spring,283.0,0,0.0550301486586364
2018-05-30,2,Spring,203.0,0,0.047198902403263694
2018-05-30,3,Spring,127.0,0,0.05781134996363837
2018-05-30,4,Spring,87.0,0,0.05387414812797955
2018-05-30,5,Spring,106.0,0,0.053169442513084586
2018-05-30,6,Spring,252.0,0,0.05923841022335091
2018-05-30,7,Spring,665.0,0,0.07161322018289921
2018-05-30,8,Spring,1215.0,0,0.07359642712724454
2018-05-30,9,Spring,699.0,0,0.07118555641907856
2018-05-30,10,Spring,505.0,0,0.04246575199768445
2018-05-30,11,Spring,598.0,0,0.047518220708127265
2018-05-30,12,Spring,756.0,0,0.04957095927825044
2018-05-30,13,Spring,716.0,0,0.02459711543243711
2018-05-30,14,Spring,758.0,0,0.03225236499164082
2018-05-30,15,Spring,849.0,0,0.02221786753232833
2018-05-30,16,Spring,957.0,0,0.014337216107665134
2018-05-30,17,Spring,1194.0,0,0.00824076209006885
2018-05-30,18,Spring,1776.0,0,0.008269073935241273
2018-05-30,19,Spring,1224.0,0,0.027037701061102447
2018-05-30,20,Spring,1045.0,0,0.05596218815041254
2018-05-30,21,Spring,982.0,0,0.0617224270560396
2018-05-30,22,Spring,907.0,0,0.07782619632962191
2018-05-30,23,Spring,572.0,0,0.0878717875241245
2018-05-31,0,Spring,400.0,0,0.09057363290520723
2018-05-31,1,Spring,283.0,0,0.07855802643113069
2018-05-31,2,Spring,203.0,0,0.07440179802075488
2018-05-31,3,Spring,127.0,0,0.08093251148987002
2018-05-31,4,Spring,87.0,0,0.08207106662743727
2018-05-31,5,Spring,106.0,0,0.0847514339216401
2018-05-31,6,Spring,252.0,0,0.0867145531068667
2018-05-31,7,Spring,665.0,0,0.03994936452269885
2018-05-31,8,Spring,1215.0,0,0.029710228268261325
2018-05-31,9,Spring,699.0,0,0.020435670799466104
2018-05-31,10,Spring,505.0,0,0.012041935364518521
2018-05-31,11,Spring,598.0,0,0.01791103285629201
2018-05-31,12,Spring,756.0,0,0.006754501966062841
2018-05-31,13,Spring,716.0,0,0.009331105411374474
2018-05-31,14,Spring,758.0,0,0.007870547061897852
2018-05-31,15,Spring,849.0,0,0.0050129586985095355
2018-05-31,16,Spring,957.0,0,0.005283764938617163
2018-05-31,17,Spring,1194.0,0,0.007032170398503059
2018-05-31,18,Spring,1776.0,0,0.0074250927638557646
2018-05-31,19,Spring,1224.0,0,0.018443220146910494
2018-05-31,20,Spring,1045.0,0,0.027372028757089537
2018-05-31,21,Spring,982.0,0,0.02364557208348245
2018-05-31,22,Spring,907.0,0,0.019648398476089995
2018-05-31,23,Spring,572.0,0,0.022456610875804958
2018-08-09,0,Summer,927.0,0,0.02918509847404596
2018-08-09,1,Summer,715.0,0,0.02747714835014692
2018-08-09,2,Summer,487.0,0,0.025523512055384386
2018-08-09,3,Summer,327.0,0,0.02772437109088871
2018-08-09,4,Summer,214.0,0,0.031669305835159055
2018-08-09,5,Summer,299.0,0,0.030841643351534564
2018-08-09,6,Summer,652.0,0,0.04248887647169284
2018-08-09,7,Summer,1251.0,0,0.042966899164832865
2018-08-09,8,Summer,1944.0,0,0.030537821206243404
2018-08-09,9,Summer,1031.0,0,0.019831325929602548
2018-08-09,10,Summer,768.0,0,0.023551474947654104
2018-08-09,11,Summer,887.0,0,0.03543504987610802
2018-08-09,12,Summer,988.0,1,0.04798422775071111
2018-08-09,13,Summer,991.0,0,0.30325042186327017
2018-08-09,14,Summer,999.0,0,0.0713000905805786
2018-08-09,15,Summer,1094.0,0,0.08037135053659496
2018-08-09,16,Summer,1291.0,1,0.15436483159473366
2018-08-09,17,Summer,1603.0,1,0.751953544853772
2018-08-09,18,Summer,2636.0,0,0.41483110240651566
2018-08-09,19,Summer,2281.0,0,0.10847509607637092
2018-08-09,20,Summer,2122.0,0,0.06359950367758803
2018-08-09,21,Summer,1994.0,0,0.056766038078848294
2018-08-09,22,Summer,1870.0,0,0.04116408023045074
2018-08-09,23,Summer,1298.0,0,0.027703106418647303
2018-08-10,0,Summer,927.0,0,0.029243028232885382
2018-08-10,1,Summer,715.0,0,0.02339450551840401
2018-08-10,2,Summer,487.0,0,0.02328374536892918
2018-08-10,3,Summer,327.0,0,0.019993270599165187
2018-08-10,4,Summer,214.0,0,0.026147255649108754
2018-08-10,5,Summer,299.0,0,0.03289416983425371
2018-08-10,6,Summer,652.0,0,0.03910448497765214
2018-08-10,7,Summer,1251.0,0,0.035908137404671886
2018-08-10,8,Summer,1944.0,0,0.018794608763608042
2018-08-10,9,Summer,1031.0,0,0.014329627694506745
2018-08-10,10,Summer,768.0,0,0.011197216344756811
2018-08-10,11,Summer,887.0,0,0.011801670919603392
2018-08-10,12,Summer,988.0,0,0.009485633407814774
2018-08-10,13,Summer,991.0,0,0.006887624103072161
2018-08-10,14,Summer,999.0,0,0.012044229976307374
2018-08-10,15,Summer,1094.0,0,0.019691728243757277
2018-08-10,16,Summer,1291.0,0,0.012967501412330091
2018-08-10,17,Summer,1603.0,0,0.010777818807702073
2018-08-10,18,Summer,2636.0,0,0.012353176648186684
2018-08-10,19,Summer,2281.0,0,0.013754623810083678
2018-08-10,20,Summer,2122.0,0,0.012133874805368042
2018-08-10,21,Summer,1994.0,0,0.008920674546536334
2018-08-10,22,Summer,1870.0,0,0.005896726755189833
2018-08-10,23,Summer,1298.0,0,0.007536474625168071
2018-08-11,0,Summer,1154.0,0,0.008970470830951148
2018-08-11,1,Summer,915.5,0,0.008636579127493028
2018-08-11,2,Summer,675.0,0,0.0075345750255222
2018-08-11,3,Summer,468.0,0,0.007300289035604018
2018-08-11,4,Summer,304.0,0,0.007193890346838867
2018-08-11,5,Summer,247.5,0,0.007973822202195825
2018-08-11,6,Summer,301.0,0,0.009848056402177558
2018-08-11,7,Summer,425.5,0,0.009653136853629734
2018-08-11,8,Summer,671.5,0,0.005814353397490065
2018-08-11,9,Summer,786.5,0,0.0077220800834493855
2018-08-11,10,Summer,888.5,0,0.008094457693014498
2018-08-11,11,Summer,908.0,0,0.012813485996590213
2018-08-11,12,Summer,1040.5,0,0.012951547606510553
2018-08-11,13,Summer,1111.0,0,0.008439074315258043
2018-08-11,14,Summer,1149.5,0,0.009800717599258045
2018-08-11,15,Summer,1262.0,0,0.007113418723193858
2018-08-11,16,Summer,1394.0,0,0.007703129390173264
2018-08-11,17,Summer,1593.5,0,0.004722903124632838
2018-08-11,18,Summer,1779.0,0,0.004936023350977362
2018-08-11,19,Summer,1822.0,0,0.006423940469885794
2018-08-11,20,Summer,2040.5,0,0.005916928127937845
2018-08-11,21,Summer,1967.5,0,0.019688039930665657
2018-08-11,22,Summer,1620.5,0,0.006212819064315852
2018-08-11,23,Summer,1221.5,0,0.004851144830117769
2018-08-12,0,Summer,1154.0,0,0.004377558940781766
2018-08-12,1,Summer,915.5,0,0.003925891924442338
2018-08-12,2,Summer,675.0,0,0.004054909261906278
2018-08-12,3,Summer,468.0,0,0.004618771724285485
2018-08-12,4,Summer,304.0,0,0.004212590052016868
2018-08-12,5,Summer,247.5,0,0.005920281483890384
2018-08-12,6,Summer,301.0,0,0.00706234136551564
2018-08-12,7,Summer,425.5,0,0.005169171000177279
2018-08-12,8,Summer,671.5,0,0.003511868688536652
2018-08-12,9,Summer,786.5,0,0.006117646722773334
2018-08-12,10,Summer,888.5,0,0.0074373697985021725
2018-08-12,11,Summer,908.0,0,0.009877435512587185
2018-08-12,12,Summer,1040.5,0,0.006608866154577833
2018-08-12,13,Summer,1111.0,0,0.010271513789351655
2018-08-12,14,Summer,1149.5,0,0.012171033069331984
2018-08-12,15,Summer,1262.0,0,0.013692866306961487
2018-08-12,16,Summer,1394.0,0,0.014575551854514446
2018-08-12,17,Summer,1593.5,0,0.013662075798661712
2018-08-12,18,Summer,1779.0,0,0.01110200700552851
2018-08-12,19,Summer,1822.0,0,0.4832239018644468
2018-08-12,20,Summer,2040.5,0,0.9983986415707318
2018-08-12,21,Summer,1967.5,0,0.06704799618147923
2018-08-12,22,Summer,1620.5,0,0.03642783310526898
2018-08-12,23,Summer,1221.5,0,0.03645127990946795
2018-08-13,0,Summer,927.0,1,0.05647733416664961
2018-08-13,1,Summer,715.0,1,0.2690744030291793
2018-08-13,2,Summer,487.0,1,0.017719941821309843
2018-08-13,3,Summer,327.0,0,0.03482958998142393
2018-08-13,4,Summer,214.0,0,0.04156748008765208
2018-08-13,5,Summer,299.0,0,0.036028627785229694
2018-08-13,6,Summer,652.0,0,0.036545403074135445
2018-08-13,7,Summer,1251.0,0,0.037456929490507586
2018-08-13,8,Summer,1944.0,0,0.02788838074623093
2018-08-13,9,Summer,1031.0,0,0.036590196804124696
2018-08-13,10,Summer,768.0,0,0.025087008660837032
2018-08-13,11,Summer,887.0,0,0.016677970717340902
2018-08-13,12,Summer,988.0,0,0.02354608311800346
2018-08-13,13,Summer,991.0,0,0.020057386177232923
2018-08-13,14,Summer,999.0,0,0.023945868969108174
2018-08-13,15,Summer,1094.0,0,0.020266619233637196
2018-08-13,16,Summer,1291.0,0,0.02459799355691763
2018-08-13,17,Summer,1603.0,0,0.031083189363774966
2018-08-13,18,Summer,2636.0,0,0.04750637705915726
2018-08-13,19,Summer,2281.0,0,0.0353248106377509
2018-08-13,20,Summer,2122.0,0,0.04091380446915027
2018-08-13,21,Summer,1994.0,0,0.028636546460082575
2018-08-13,22,Summer,1870.0,0,0.010561565806769826
2018-08-13,23,Summer,1298.0,0,0.008807420981294136
2018-08-14,0,Summer,927.0,0,0.015536194011335573
2018-08-14,1,Summer,715.0,0,0.01563640489449982
2018-08-14,2,Summer,487.0,0,0.012988296686348766
2018-08-14,3,Summer,327.0,0,0.015934194784160065
2018-08-14,4,Summer,214.0,0,0.010442279605638163
2018-08-14,5,Summer,299.0,0,0.01071878471507637
2018-08-14,6,Summer,652.0,0,0.011539739446792999
2018-08-14,7,Summer,1251.0,0,0.014805582045954233
2018-08-14,8,Summer,1944.0,0,0.010301212957531567
2018-08-14,9,Summer,1031.0,0,0.008257503997278813
2018-08-14,10,Summer,768.0,0,0.013897092597689413
2018-08-14,11,Summer,887.0,0,0.016147586174863632
2018-08-14,12,Summer,988.0,0,0.012611334434127174
2018-08-14,13,Summer,991.0,0,0.006629799699748754
2018-08-14,14,Summer,999.0,0,0.012124415907438445
2018-08-14,15,Summer,1094.0,0,0.009736355395247018
2018-08-14,16,Summer,1291.0,0,0.012124200062745895
2018-08-14,17,Summer,1603.0,0,0.03142008997745649
2018-08-14,18,Summer,2636.0,0,0.025964137468886737
2018-08-14,19,Summer,2281.0,0,0.02478558484648427
2018-08-14,20,Summer,2122.0,0,0.01882326049608263
2018-08-14,21,Summer,1994.0,0,0.012276661686251326
2018-08-14,22,Summer,1870.0,0,0.01522075562726047
2018-08-14,23,Summer,1298.0,0,0.012935512155770533
2018-08-15,0,Summer,927.0,0,0.01348000870407809
2018-08-15,1,Summer,715.0,0,0.012190661302218969
2018-08-15,2,Summer,487.0,0,0.009768260040479376
2018-08-15,3,Summer,327.0,0,0.010553123061346653
2018-08-15,4,Summer,214.0,0,0.013825227236459719
2018-08-15,5,Summer,299.0,0,0.015101693226900498
2018-08-15,6,Summer,652.0,0,0.018340890901304543
2018-08-15,7,Summer,1251.0,1,0.015997316721120317
2018-08-15,8,Summer,1944.0,1,0.0080059554899351
2018-08-15,9,Summer,1031.0,0,0.008286618124459733
2018-08-15,10,Summer,768.0,0,0.007383722277752801
2018-08-15,11,Summer,887.0,0,0.007217197391247056
2018-08-15,12,Summer,988.0,0,0.0070152533384639166
2018-08-15,13,Summer,991.0,0,0.00795095427927338
2018-08-15,14,Summer,999.0,0,0.007226672155642942
2018-08-15,15,Summer,1094.0,0,0.008681584384782916
2018-08-15,16,Summer,1291.0,0,0.007369787995336631
2018-08-15,17,Summer,1603.0,0,0.04701377087966585
2018-08-15,18,Summer,2636.0,1,0.06944750820885567
2018-08-15,19,Summer,2281.0,0,0.3464635417940841
2018-08-15,20,Summer,2122.0,0,0.03431811308927143
2018-08-15,21,Summer,1994.0,0,0.027279180307718285
2018-08-15,22,Summer,1870.0,0,0.0167747908031303
2018-08-15,23,Summer,1298.0,0,0.016577006929727266
2018-08-16,0,Summer,927.0,0,0.011762994772428781
2018-08-16,1,Summer,715.0,0,0.012214462882545797
2018-08-16,2,Summer,487.0,0,0.0085935557949939
2018-08-16,3,Summer,327.0,0,0.007679947692654175
2018-08-16,4,Summer,214.0,0,0.009008760701908909
2018-08-16,5,Summer,299.0,0,0.006888979551487405
2018-08-16,6,Summer,652.0,0,0.014747724498092772
2018-08-16,7,Summer,1251.0,0,0.0164431420933837
2018-08-16,8,Summer,1944.0,0,0.01679873363062016
2018-08-16,9,Summer,1031.0,0,0.0075783451539053436
2018-08-16,10,Summer,768.0,0,0.009090429900665333
2018-08-16,11,Summer,887.0,0,0.010881461451067475
2018-08-16,12,Summer,988.0,0,0.009551377079620794
2018-08-16,13,Summer,991.0,0,0.006636831340614392
2018-08-16,14,Summer,999.0,0,0.008457857260143831
2018-08-16,15,Summer,1094.0,0,0.00673677822612847
2018-08-16,16,Summer,1291.0,0,0.005439960374935834
2018-08-16,17,Summer,1603.0,0,0.004889771548316385
2018-08-16,18,Summer,2636.0,0,0.004887002137488271
2018-08-16,19,Summer,2281.0,0,0.0055314453325636306
2018-08-16,20,Summer,2122.0,0,0.005215169294247563
2018-08-16,21,Summer,1994.0,0,0.004334055188045042
2018-08-16,22,Summer,1870.0,0,0.003609244039981428
2018-08-16,23,Summer,1298.0,0,0.00299141766266799
2018-08-17,0,Summer,927.0,0,0.002843559430742897
2018-08-17,1,Summer,715.0,0,0.0032073371816904997
2018-08-17,2,Summer,487.0,0,0.003525360648647316
2018-08-17,3,Summer,327.0,0,0.004120333013315681
2018-08-17,4,Summer,214.0,0,0.005463978184458367
2018-08-17,5,Summer,299.0,0,0.007067734111814226
2018-08-17,6,Summer,652.0,0,0.005743047292243877
2018-08-17,7,Summer,1251.0,0,0.0053121786242120985
2018-08-17,8,Summer,1944.0,0,0.0035197965518177538
2018-08-17,9,Summer,1031.0,0,0.0030350556583978224
2018-08-17,10,Summer,768.0,0,0.0021499393250613776
2018-08-17,11,Summer,887.0,0,0.0017892038006172353
2018-08-17,12,Summer,988.0,0,0.0014035039571080605
2018-08-17,13,Summer,991.0,0,0.0017257917317952875
2018-08-17,14,Summer,999.0,0,0.001556138245558039
2018-08-17,15,Summer,1094.0,0,0.0016332005063573389
2018-08-17,16,Summer,1291.0,0,0.0014545775579125834
2018-08-17,17,Summer,1603.0,0,0.0015094863532400396
2018-08-17,18,Summer,2636.0,0,0.0012695222151028814
2018-08-17,19,Summer,2281.0,0,0.0012773320137643512
2018-08-17,20,Summer,2122.0,0,0.002600542563718802
2018-08-17,21,Summer,1994.0,0,0.0030319932647888143
2018-08-17,22,Summer,1870.0,0,0.003321670931117531
2018-08-17,23,Summer,1298.0,0,0.0031352700736846095
2018-08-18,0,Summer,1154.0,0,0.0025235338914259904
2018-08-18,1,Summer,915.5,0,0.0028489630283587324
2018-08-18,2,Summer,675.0,0,0.0033695461891563353
2018-08-18,3,Summer,468.0,0,0.003366609916157547
2018-08-18,4,Summer,304.0,0,0.004503303107086759
2018-08-18,5,Summer,247.5,0,0.006260428806052651
2018-08-18,6,Summer,301.0,0,0.00886619051364088
2018-08-18,7,Summer,425.5,0,0.008517527377963147
2018-08-18,8,Summer,671.5,0,0.0034996960765836566
2018-08-18,9,Summer,786.5,0,0.0023643077194024937
2018-08-18,10,Summer,888.5,0,0.0015870685124971893
2018-08-18,11,Summer,908.0,0,0.0016445073083061665
2018-08-18,12,Summer,1040.5,0,0.001424678000290498
2018-08-18,13,Summer,1111.0,0,0.0012502606305573594
2018-08-18,14,Summer,1149.5,0,0.001603208370563822
2018-08-18,15,Summer,1262.0,0,0.0016118801872919712
2018-08-18,16,Summer,1394.0,0,0.002280708037616875
2018-08-18,17,Summer,1593.5,0,0.0037474656680115456
2018-08-18,18,Summer,1779.0,0,0.0023544093581218816
2018-08-18,19,Summer,1822.0,0,0.004017737894692963
2018-08-18,20,Summer,2040.5,0,0.003591448889297252
2018-08-18,21,Summer,1967.5,0,0.0034337062023973414
2018-08-18,22,Summer,1620.5,0,0.0029078951800934143
2018-08-18,23,Summer,1221.5,0,0.003829305787588674
2018-08-19,0,Summer,1154.0,0,0.004549833752119335
2018-08-19,1,Summer,915.5,0,0.004305278288716828
2018-08-19,2,Summer,675.0,0,0.004361613226005979
2018-08-19,3,Summer,468.0,0,0.004656930551540221
2018-08-19,4,Summer,304.0,0,0.005561809508915739
2018-08-19,5,Summer,247.5,0,0.007299162733983497
2018-08-19,6,Summer,301.0,0,0.009958162265883525
2018-08-19,7,Summer,425.5,0,0.012519834938189785
2018-08-19,8,Summer,671.5,0,0.00781593601182452
2018-08-19,9,Summer,786.5,0,0.003859114723593912
2018-08-19,10,Summer,888.5,0,0.003996351194462672
2018-08-19,11,Summer,908.0,0,0.002730446095525389
2018-08-19,12,Summer,1040.5,0,0.0021152948495325318
2018-08-19,13,Summer,1111.0,0,0.0022962496795681667
2018-08-19,14,Summer,1149.5,0,0.00176390813841894
2018-08-19,15,Summer,1262.0,0,0.002100764221791251
2018-08-19,16,Summer,1394.0,0,0.0025342633689943547
2018-08-19,17,Summer,1593.5,0,0.0024879244171561845
2018-08-19,18,Summer,1779.0,0,0.0042615101959461495
2018-08-19,19,Summer,1822.0,0,0.01242634960239436
2018-08-19,20,Summer,2040.5,0,0.00952326346692458
2018-08-19,21,Summer,1967.5,0,0.008376517145912641
2018-08-19,22,Summer,1620.5,0,0.007254293052807178
2018-08-19,23,Summer,1221.5,0,0.004840743249220984
2018-08-20,0,Summer,927.0,0,0.0064266851267846675
2018-08-20,1,Summer,715.0,0,0.006360904494055278
2018-08-20,2,Summer,487.0,0,0.007340262316822238
2018-08-20,3,Summer,327.0,0,0.0076181381164331955
2018-08-20,4,Summer,214.0,0,0.0071276330725123195
2018-08-20,5,Summer,299.0,0,0.009453019471533606
2018-08-20,6,Summer,652.0,0,0.012021911971131841
2018-08-20,7,Summer,1251.0,0,0.008773011532365257
2018-08-20,8,Summer,1944.0,0,0.005037008599805916
2018-08-20,9,Summer,1031.0,0,0.005818254822202726
2018-08-20,10,Summer,768.0,0,0.0050041460856048645
2018-08-20,11,Summer,887.0,0,0.0049101329052442235
2018-08-20,12,Summer,988.0,0,0.0071115781039884874
2018-08-20,13,Summer,991.0,0,0.00957022713559166
2018-08-20,14,Summer,999.0,0,0.010749662924846741
2018-08-20,15,Summer,1094.0,0,0.0101952535895284
2018-08-20,16,Summer,1291.0,0,0.01116919134517715
2018-08-20,17,Summer,1603.0,0,0.008147453126132772
2018-08-20,18,Summer,2636.0,0,0.008768959608774513
2018-08-20,19,Summer,2281.0,0,0.011421473301712412
2018-08-20,20,Summer,2122.0,0,0.02281419245718544
2018-08-20,21,Summer,1994.0,0,0.020692203485943927
2018-08-20,22,Summer,1870.0,0,0.020162563419141438
2018-08-20,23,Summer,1298.0,0,0.016334809325353795
2018-08-21,0,Summer,927.0,0,0.007943794765991271
2018-08-21,1,Summer,715.0,0,0.008169596520460735
2018-08-21,2,Summer,487.0,0,0.007553902108272275
2018-08-21,3,Summer,327.0,0,0.01165751558894203
2018-08-21,4,Summer,214.0,1,0.0649254485810095
2018-08-21,5,Summer,299.0,1,0.3552401504940576
2018-08-21,6,Summer,652.0,1,0.7227842412967589
2018-08-21,7,Summer,1251.0,1,0.9434633911206891
2018-08-21,8,Summer,1944.0,0,0.1420800499485041
2018-08-21,9,Summer,1031.0,0,0.12640246105326383
2018-08-21,10,Summer,768.0,0,0.14876896170631204
2018-08-21,11,Summer,887.0,0,0.1775863035516746
2018-08-21,12,Summer,988.0,0,0.1169996727859619
2018-08-21,13,Summer,991.0,0,0.04580923261010782
2018-08-21,14,Summer,999.0,0,0.02490122258929946
2018-08-21,15,Summer,1094.0,0,0.02407271268938564
2018-08-21,16,Summer,1291.0,0,0.017623691663703256
2018-08-21,17,Summer,1603.0,0,0.0162534349927016
2018-08-21,18,Summer,2636.0,0,0.018374987554317938
2018-08-21,19,Summer,2281.0,0,0.024447891524724576
2018-08-21,20,Summer,2122.0,0,0.031461634086587836
2018-08-21,21,Summer,1994.0,0,0.02694107481694963
2018-08-21,22,Summer,1870.0,0,0.04223709900261588
2018-08-21,23,Summer,1298.0,0,0.027153432367755064
2018-08-22,0,Summer,927.0,0,0.03613832898510188
2018-08-22,1,Summer,715.0,0,0.03331474547271654
2018-08-22,2,Summer,487.0,0,0.03153855433221671
2018-08-22,3,Summer,327.0,0,0.034907410094976506
2018-08-22,4,Summer,214.0,0,0.0409813378034805
2018-08-22,5,Summer,299.0,0,0.046535542772402384
2018-08-22,6,Summer,652.0,0,0.03570987674118899
2018-08-22,7,Summer,1251.0,0,0.02995211936402144
2018-08-22,8,Summer,1944.0,0,0.016644204911905373
2018-08-22,9,Summer,1031.0,0,0.007049926008918197
2018-08-22,10,Summer,768.0,0,0.006798574492852873
2018-08-22,11,Summer,887.0,0,0.008158343296441115
2018-08-22,12,Summer,988.0,0,0.008111370098257678
2018-08-22,13,Summer,991.0,0,0.00851449211625801
2018-08-22,14,Summer,999.0,0,0.005512294398321719
2018-08-22,15,Summer,1094.0,0,0.005764663442080317
2018-08-22,16,Summer,1291.0,0,0.005840352189883789
2018-08-22,17,Summer,1603.0,0,0.007291357494575608
2018-08-22,18,Summer,2636.0,0,0.0059008162375322575
2018-08-22,19,Summer,2281.0,0,0.004893546251418857
2018-08-22,20,Summer,2122.0,0,0.009951580194328192
2018-08-22,21,Summer,1994.0,0,0.006201140631115208
2018-08-22,22,Summer,1870.0,0,0.004155004222471262
2018-08-22,23,Summer,1298.0,0,0.003913382127043987
2018-08-23,0,Summer,927.0,0,0.0033854798530080043
2018-08-23,1,Summer,715.0,0,0.003009168048758211
2018-08-23,2,Summer,487.0,0,0.0026490339049737507
2018-08-23,3,Summer,327.0,0,0.002258388242133341
2018-08-23,4,Summer,214.0,0,0.0024883434938509923
2018-08-23,5,Summer,299.0,0,0.0039876210911680855
2018-08-23,6,Summer,652.0,0,0.0034006195819865086
2018-08-23,7,Summer,1251.0,0,0.003752893678495902
2018-08-23,8,Summer,1944.0,0,0.00625070779213308
2018-08-23,9,Summer,1031.0,0,0.006224001786228703
2018-08-23,10,Summer,768.0,0,0.007554758477448824
2018-08-23,11,Summer,887.0,0,0.018129727498909565
2018-08-23,12,Summer,988.0,0,0.010625209931196429
2018-08-23,13,Summer,991.0,0,0.01662969241197353
2018-08-23,14,Summer,999.0,0,0.039893451688405315
2018-08-23,15,Summer,1094.0,0,0.023009342472687218
2018-08-23,16,Summer,1291.0,0,0.028782005303621936
2018-08-23,17,Summer,1603.0,0,0.033686756358391294
2018-08-23,18,Summer,2636.0,0,0.019359107993249153
2018-08-23,19,Summer,2281.0,1,0.021896891725536955
2018-08-23,20,Summer,2122.0,1,0.02586921531608966
2018-08-23,21,Summer,1994.0,1,0.04506933620572902
2018-08-23,22,Summer,1870.0,1,0.6267820516960662
2018-08-23,23,Summer,1298.0,1,0.1851201207865928
2018-08-24,0,Summer,927.0,1,0.16439240575457076
2018-08-24,1,Summer,715.0,1,0.06499666994810649
2018-08-24,2,Summer,487.0,1,0.22268922377216577
2018-08-24,3,Summer,327.0,1,0.3410941155922666
2018-08-24,4,Summer,214.0,1,0.37718607755321076
2018-08-24,5,Summer,299.0,1,0.20177451242422875
2018-08-24,6,Summer,652.0,1,0.2069324731632282
2018-08-24,7,Summer,1251.0,1,0.13003847020527193
2018-08-24,8,Summer,1944.0,1,0.1187933988557083
2018-08-24,9,Summer,1031.0,1,0.1295998929442914
2018-08-24,10,Summer,768.0,1,0.08217984815951093
2018-08-24,11,Summer,887.0,1,0.09710568548812902
2018-08-24,12,Summer,988.0,1,0.18338209194241326
2018-08-24,13,Summer,991.0,1,0.16532144778705596
2018-08-24,14,Summer,999.0,1,0.920260725477742
2018-08-24,15,Summer,1094.0,1,0.7172595019253939
2018-08-24,16,Summer,1291.0,1,0.3158652326302566
2018-08-24,17,Summer,1603.0,1,0.3566177266796899
2018-08-24,18,Summer,2636.0,1,0.9566465566405634
2018-08-24,19,Summer,2281.0,1,0.23753268827667667
2018-08-24,20,Summer,2122.0,0,0.19118648318891446
2018-08-24,21,Summer,1994.0,0,0.13872045044055623
2018-08-24,22,Summer,1870.0,0,0.09567326723136313
2018-08-24,23,Summer,1298.0,0,0.07976597599602908
2018-08-25,0,Summer,1154.0,0,0.0633573130344256
2018-08-25,1,Summer,915.5,0,0.056711809154834224
2018-08-25,2,Summer,675.0,0,0.05013899184628923
2018-08-25,3,Summer,468.0,0,0.039401450669775795
2018-08-25,4,Summer,304.0,0,0.03618042924447588
2018-08-25,5,Summer,247.5,0,0.033563070283254684
2018-08-25,6,Summer,301.0,0,0.03731679734523387
2018-08-25,7,Summer,425.5,0,0.031116853006875583
2018-08-25,8,Summer,671.5,0,0.041900513897998024
2018-08-25,9,Summer,786.5,0,0.030627250905766547
2018-08-25,10,Summer,888.5,0,0.030928249424409783
2018-08-25,11,Summer,908.0,0,0.01321107947480251
2018-08-25,12,Summer,1040.5,0,0.013271388589653545
2018-08-25,13,Summer,1111.0,0,0.013384520288512884
2018-08-25,14,Summer,1149.5,0,0.012542067807992382
2018-08-25,15,Summer,1262.0,0,0.02032904405117641
2018-08-25,16,Summer,1394.0,0,0.02881378219225478
2018-08-25,17,Summer,1593.5,0,0.027600370789303937
2018-08-25,18,Summer,1779.0,0,0.01775983892771296
2018-08-25,19,Summer,1822.0,0,0.032653809036488006
2018-08-25,20,Summer,2040.5,0,0.036203241323964234
2018-08-25,21,Summer,1967.5,0,0.04653482533076071
2018-08-25,22,Summer,1620.5,0,0.04844386587393367
2018-08-25,23,Summer,1221.5,0,0.051096916417639415
2018-08-26,0,Summer,1154.0,0,0.04379298891513679
2018-08-26,1,Summer,915.5,0,0.03908076461695474
2018-08-26,2,Summer,675.0,0,0.051938680706381565
2018-08-26,3,Summer,468.0,0,0.05162966841931046
2018-08-26,4,Summer,304.0,0,0.058620926644707604
2018-08-26,5,Summer,247.5,0,0.06411367832496154
2018-08-26,6,Summer,301.0,0,0.07346397743290668
2018-08-26,7,Summer,425.5,0,0.06416830685592312
2018-08-26,8,Summer,671.5,0,0.03425222756826963
2018-08-26,9,Summer,786.5,0,0.01812572683248888
2018-08-26,10,Summer,888.5,0,0.007577563549951097
2018-08-26,11,Summer,908.0,0,0.0042785772161227035
2018-08-26,12,Summer,1040.5,0,0.0036089867082678188
2018-08-26,13,Summer,1111.0,0,0.016653081144539752
2018-08-26,14,Summer,1149.5,1,0.08339603301492383
2018-08-26,15,Summer,1262.0,0,0.049035647566318626
2018-08-26,16,Summer,1394.0,0,0.03647769494139732
2018-08-26,17,Summer,1593.5,0,0.026789521669179146
2018-08-26,18,Summer,1779.0,0,0.04577729743013212
2018-08-26,19,Summer,1822.0,0,0.06251293470133502
2018-08-26,20,Summer,2040.5,0,0.028170932549349242
2018-08-26,21,Summer,1967.5,0,0.025752486629544376
2018-08-26,22,Summer,1620.5,1,0.5758423647179595
2018-08-26,23,Summer,1221.5,1,0.1736470422219636
2018-08-27,0,Summer,927.0,1,0.10673539445888783
2018-08-27,1,Summer,715.0,1,0.6096877223609165
2018-08-27,2,Summer,487.0,1,0.5257611037161402
2018-08-27,3,Summer,327.0,1,0.7308805750897855
2018-08-27,4,Summer,214.0,1,0.994048097436427
2018-08-27,5,Summer,299.0,1,0.9860730486123307
2018-08-27,6,Summer,652.0,1,0.6121010145182786
2018-08-27,7,Summer,1251.0,1,0.9262570636705035
2018-08-27,8,Summer,1944.0,1,0.4761930133163429
2018-08-27,9,Summer,1031.0,1,0.5558029933623494
2018-08-27,10,Summer,768.0,1,0.9891356850213446
2018-08-27,11,Summer,887.0,1,0.5798845922984603
2018-08-27,12,Summer,988.0,1,0.8062442578256819
2018-08-27,13,Summer,991.0,1,0.5215265640908096
2018-08-27,14,Summer,999.0,1,0.5741103136135197
2018-08-27,15,Summer,1094.0,0,0.2504634080402801
2018-08-27,16,Summer,1291.0,0,0.2004558830257839
2018-08-27,17,Summer,1603.0,0,0.18437008092121074
2018-08-27,18,Summer,2636.0,0,0.17339888121262476
2018-08-27,19,Summer,2281.0,0,0.14369714414361387
2018-08-27,20,Summer,2122.0,0,0.15077798261009995
2018-08-27,21,Summer,1994.0,0,0.16556018463018374
2018-08-27,22,Summer,1870.0,0,0.13666166171125466
2018-08-27,23,Summer,1298.0,0,0.10297702549547864
2018-08-28,0,Summer,927.0,0,0.09482980047509844
2018-08-28,1,Summer,715.0,0,0.13764818356955189
2018-08-28,2,Summer,487.0,0,0.07719302885895271
2018-08-28,3,Summer,327.0,0,0.11436555126971716
2018-08-28,4,Summer,214.0,0,0.13119507609405867
2018-08-28,5,Summer,299.0,0,0.1360660952548976
2018-08-28,6,Summer,652.0,0,0.08613725399915656
2018-08-28,7,Summer,1251.0,0,0.11754705803774969
2018-08-28,8,Summer,1944.0,0,0.08822930569084057
2018-08-28,9,Summer,1031.0,0,0.07647909491293664
2018-08-28,10,Summer,768.0,0,0.0563726653651758
2018-08-28,11,Summer,887.0,1,0.1051001288467426
2018-08-28,12,Summer,988.0,1,0.9266380155221515
2018-08-28,13,Summer,991.0,1,0.9999999946846778
2018-08-28,14,Summer,999.0,1,0.9995364601300682
2018-08-28,15,Summer,1094.0,1,0.6692822287675957
2018-08-28,16,Summer,1291.0,1,0.9915305918954804
2018-08-28,17,Summer,1603.0,1,0.990080529366505
2018-08-28,18,Summer,2636.0,1,1.0
2018-08-28,19,Summer,2281.0,1,0.9999993170504001
2018-08-28,20,Summer,2122.0,1,0.9999999999999798
2018-08-28,21,Summer,1994.0,1,1.0
2018-08-28,22,Summer,1870.0,1,0.5480552267899199
2018-08-28,23,Summer,1298.0,1,0.9964893714307745
2018-08-29,0,Summer,927.0,1,0.6362611422740547
2018-08-29,1,Summer,715.0,1,0.373781409311132
2018-08-29,2,Summer,487.0,1,0.13759974450488255
2018-08-29,3,Summer,327.0,0,0.11526802449952704
2018-08-29,4,Summer,214.0,0,0.10096682359780303
2018-08-29,5,Summer,299.0,1,0.1092699856128841
2018-08-29,6,Summer,652.0,0,0.10899822349618196
2018-08-29,7,Summer,1251.0,0,0.10776423806456913
2018-08-29,8,Summer,1944.0,0,0.11496568702323419
2018-08-29,9,Summer,1031.0,0,0.08584446381084694
2018-08-29,10,Summer,768.0,0,0.08087910866138577
2018-08-29,11,Summer,887.0,0,0.07303994680866632
2018-08-29,12,Summer,988.0,0,0.08653057313254327
2018-08-29,13,Summer,991.0,0,0.11299548176196957
2018-08-29,14,Summer,999.0,1,0.14361097162071726
2018-08-29,15,Summer,1094.0,0,0.12246141472743609
2018-08-29,16,Summer,1291.0,1,0.13488198273109028
2018-08-29,17,Summer,1603.0,1,0.9195217254320763
2018-08-29,18,Summer,2636.0,1,0.9117960557325575
2018-08-29,19,Summer,2281.0,1,0.9999961585598865
2018-08-29,20,Summer,2122.0,1,1.0
2018-08-29,21,Summer,1994.0,1,0.9999592362128098
2018-08-29,22,Summer,1870.0,1,0.999713383893552
2018-08-29,23,Summer,1298.0,1,0.6126401976041861
2018-08-30,0,Summer,927.0,1,0.15486131437589523
2018-08-30,1,Summer,715.0,1,0.23478607792856954
2018-08-30,2,Summer,487.0,1,0.9999841572916638
2018-08-30,3,Summer,327.0,1,0.8405349918205264
2018-08-30,4,Summer,214.0,1,0.12049798461207313
2018-08-30,5,Summer,299.0,1,0.29692460786676467
2018-08-30,6,Summer,652.0,1,0.1425165359252544
2018-08-30,7,Summer,1251.0,0,0.14990647926252276
2018-08-30,8,Summer,1944.0,0,0.15580169755497159
2018-08-30,9,Summer,1031.0,0,0.13261019926315662
2018-08-30,10,Summer,768.0,0,0.06725159548238191
2018-08-30,11,Summer,887.0,0,0.10647670147041156
2018-08-30,12,Summer,988.0,0,0.051683504463541335
2018-08-30,13,Summer,991.0,0,0.031089304753371724
2018-08-30,14,Summer,999.0,0,0.03554800223894223
2018-08-30,15,Summer,1094.0,0,0.05527049442723872
2018-08-30,16,Summer,1291.0,0,0.03893953799287929
2018-08-30,17,Summer,1603.0,0,0.06147352881416733
2018-08-30,18,Summer,2636.0,0,0.0634743965121546
2018-08-30,19,Summer,2281.0,0,0.17023851295248188
2018-08-30,20,Summer,2122.0,0,0.03751623127520729
2018-08-30,21,Summer,1994.0,0,0.03650354342688585
2018-08-30,22,Summer,1870.0,0,0.02804311373277225
2018-08-30,23,Summer,1298.0,0,0.022268018866454613
2018-08-31,0,Summer,927.0,0,0.028220786292864546
2018-08-31,1,Summer,715.0,0,0.025444875050628462
2018-08-31,2,Summer,487.0,0,0.024389995683341943
2018-08-31,3,Summer,327.0,0,0.03605120987742156
2018-08-31,4,Summer,214.0,0,0.04374897337084668
2018-08-31,5,Summer,299.0,0,0.04087903445642384
2018-08-31,6,Summer,652.0,0,0.042782389664843296
2018-08-31,7,Summer,1251.0,0,0.054349142630624195
2018-08-31,8,Summer,1944.0,0,0.05596991870669069
2018-08-31,9,Summer,1031.0,0,0.028563922886351623
2018-08-31,10,Summer,768.0,0,0.010733342367583994
2018-08-31,11,Summer,887.0,0,0.010445193516890886
2018-08-31,12,Summer,988.0,0,0.008442947187542682
2018-08-31,13,Summer,991.0,0,0.007536680772010558
2018-08-31,14,Summer,999.0,0,0.004775776893446837
2018-08-31,15,Summer,1094.0,0,0.0055354806115035194
2018-08-31,16,Summer,1291.0,0,0.016089507351135422
2018-08-31,17,Summer,1603.0,0,0.010891297214136163
2018-08-31,18,Summer,2636.0,0,0.018213317431636834
2018-08-31,19,Summer,2281.0,0,0.048568805041861306
2018-08-31,20,Summer,2122.0,0,0.06703645088985001
2018-08-31,21,Summer,1994.0,0,0.07659687400257129
2018-08-31,22,Summer,1870.0,0,0.06813645198869812
2018-08-31,23,Summer,1298.0,0,0.05981410195813059
2018-11-10,0,Autumn,906.0,0,0.06308989161702497
2018-11-10,1,Autumn,768.0,0,0.06253142122061091
2018-11-10,2,Autumn,522.0,0,0.06191349532215391
2018-11-10,3,Autumn,372.0,0,0.06648601832404448
2018-11-10,4,Autumn,233.0,0,0.10956527120268264
2018-11-10,5,Autumn,146.0,0,0.1220302491982364
2018-11-10,6,Autumn,209.0,0,0.11376797806939422
2018-11-10,7,Autumn,364.5,0,0.1430153475785078
2018-11-10,8,Autumn,616.5,0,0.15353749854046947
2018-11-10,9,Autumn,780.0,0,0.09271919405940024
2018-11-10,10,Autumn,911.5,0,0.1033014905840508
2018-11-10,11,Autumn,1053.0,0,0.05216079744444023
2018-11-10,12,Autumn,1246.5,0,0.026156329382098945
2018-11-10,13,Autumn,1420.5,0,0.018615984692558808
2018-11-10,14,Autumn,1521.5,0,0.007866076248146654
2018-11-10,15,Autumn,1669.5,0,0.007394658390724747
2018-11-10,16,Autumn,1826.5,0,0.008036614129015554
2018-11-10,17,Autumn,1916.0,0,0.01688542967841398
2018-11-10,18,Autumn,1701.0,0,0.04626824620078184
2018-11-10,19,Autumn,1521.0,0,0.08042857874005285
2018-11-10,20,Autumn,1373.0,0,0.11301162909492071
2018-11-10,21,Autumn,1286.5,0,0.12322139881000298
2018-11-10,22,Autumn,1144.0,0,0.13169491701518835
2018-11-10,23,Autumn,931.5,0,0.1402566525105505
2018-11-11,0,Autumn,906.0,0,0.11946866555287246
2018-11-11,1,Autumn,768.0,0,0.14801656775390076
2018-11-11,2,Autumn,522.0,0,0.1143626854487662
2018-11-11,3,Autumn,372.0,0,0.1093545537446671
2018-11-11,4,Autumn,233.0,0,0.08581945423629615
2018-11-11,5,Autumn,146.0,0,0.10185122966056372
2018-11-11,6,Autumn,209.0,0,0.14023290145143805
2018-11-11,7,Autumn,364.5,0,0.16731520888303994
2018-11-11,8,Autumn,616.5,0,0.14730026397336227
2018-11-11,9,Autumn,780.0,0,0.08763174426099504
2018-11-11,10,Autumn,911.5,0,0.06206201618537196
2018-11-11,11,Autumn,1053.0,0,0.06954073863704668
2018-11-11,12,Autumn,1246.5,0,0.15177199237768377
2018-11-11,13,Autumn,1420.5,0,0.14778569638414688
2018-11-11,14,Autumn,1521.5,0,0.057452234512767396
2018-11-11,15,Autumn,1669.5,1,0.07178829119080864
2018-11-11,16,Autumn,1826.5,1,0.06915013347153694
2018-11-11,17,Autumn,1916.0,1,0.095377611933347
2018-11-11,18,Autumn,1701.0,1,0.06378166630071501
2018-11-11,19,Autumn,1521.0,1,0.037315410887364446
2018-11-11,20,Autumn,1373.0,0,0.0333055491098464
2018-11-11,21,Autumn,1286.5,0,0.025441405665585868
2018-11-11,22,Autumn,1144.0,0,0.041961890806156095
2018-11-11,23,Autumn,931.5,0,0.042773521708074295
2018-11-12,0,Autumn,709.5,0,0.06165812525512978
2018-11-12,1,Autumn,536.0,0,0.07687942541482984
2018-11-12,2,Autumn,348.5,0,0.06885917662652509
2018-11-12,3,Autumn,233.0,0,0.046762369466044035
2018-11-12,4,Autumn,160.5,0,0.0623416259741272
2018-11-12,5,Autumn,193.0,0,0.08548873852514839
2018-11-12,6,Autumn,474.5,0,0.08269077073304018
2018-11-12,7,Autumn,1198.5,0,0.14857913589560517
2018-11-12,8,Autumn,2032.0,0,0.12102491824387232
2018-11-12,9,Autumn,1100.5,0,0.050323725386460696
2018-11-12,10,Autumn,819.5,0,0.028010476385025254
2018-11-12,11,Autumn,930.0,0,0.013296704387015341
2018-11-12,12,Autumn,1048.5,0,0.01118945287706687
2018-11-12,13,Autumn,1057.5,0,0.012133954632510704
2018-11-12,14,Autumn,1089.5,0,0.00860291894136202
2018-11-12,15,Autumn,1191.5,0,0.012495664893923604
2018-11-12,16,Autumn,1431.0,0,0.02015645101387021
2018-11-12,17,Autumn,1853.5,0,0.028654876829741573
2018-11-12,18,Autumn,2498.0,0,0.03547617453791077
2018-11-12,19,Autumn,1811.5,0,0.04120876400982724
2018-11-12,20,Autumn,1557.0,0,0.03469837513886376
2018-11-12,21,Autumn,1479.5,0,0.024576841198236398
2018-11-12,22,Autumn,1309.0,0,0.03977092975112172
2018-11-12,23,Autumn,917.5,0,0.04218084844892907
2018-11-13,0,Autumn,709.5,0,0.04734590622633574
2018-11-13,1,Autumn,536.0,0,0.0603741881325206
2018-11-13,2,Autumn,348.5,0,0.036087420191270245
2018-11-13,3,Autumn,233.0,0,0.028390026773417197
2018-11-13,4,Autumn,160.5,0,0.03119031957119994
2018-11-13,5,Autumn,193.0,0,0.0704434562790515
2018-11-13,6,Autumn,474.5,0,0.09466527809723405
2018-11-13,7,Autumn,1198.5,0,0.09592141519522414
2018-11-13,8,Autumn,2032.0,0,0.08149895810834236
2018-11-13,9,Autumn,1100.5,0,0.04328815069786462
2018-11-13,10,Autumn,819.5,0,0.02211194644124463
2018-11-13,11,Autumn,930.0,0,0.015965925831874346
2018-11-13,12,Autumn,1048.5,0,0.021809272067541182
2018-11-13,13,Autumn,1057.5,0,0.025701833278445343
2018-11-13,14,Autumn,1089.5,0,0.012909310398515953
2018-11-13,15,Autumn,1191.5,0,0.013973575228261204
2018-11-13,16,Autumn,1431.0,0,0.016014569505776836
2018-11-13,17,Autumn,1853.5,0,0.023639532045827426
2018-11-13,18,Autumn,2498.0,0,0.022623651144193
2018-11-13,19,Autumn,1811.5,0,0.028037773560713467
2018-11-13,20,Autumn,1557.0,0,0.024436994354998052
2018-11-13,21,Autumn,1479.5,0,0.015316123828703978
2018-11-13,22,Autumn,1309.0,0,0.02238818175295826
2018-11-13,23,Autumn,917.5,0,0.017152395718777243
2018-11-14,0,Autumn,709.5,0,0.023264067785190377
2018-11-14,1,Autumn,536.0,0,0.031324749586958446
2018-11-14,2,Autumn,348.5,0,0.025000931515690508
2018-11-14,3,Autumn,233.0,0,0.03977323898493463
2018-11-14,4,Autumn,160.5,0,0.05856102561353624
2018-11-14,5,Autumn,193.0,0,0.06944690784353776
2018-11-14,6,Autumn,474.5,0,0.12430456267492694
2018-11-14,7,Autumn,1198.5,0,0.14639711889881055
2018-11-14,8,Autumn,2032.0,0,0.19451669389070914
2018-11-14,9,Autumn,1100.5,0,0.057462172076876025
2018-11-14,10,Autumn,819.5,0,0.04163414657856744
2018-11-14,11,Autumn,930.0,0,0.027979455271165812
2018-11-14,12,Autumn,1048.5,0,0.018134984358890337
2018-11-14,13,Autumn,1057.5,0,0.015312919199264788
2018-11-14,14,Autumn,1089.5,0,0.007154856704253854
2018-11-14,15,Autumn,1191.5,0,0.0058371738362428816
2018-11-14,16,Autumn,1431.0,0,0.018462261824346054
2018-11-14,17,Autumn,1853.5,0,0.028747218167789745
2018-11-14,18,Autumn,2498.0,0,0.03683701052979639
2018-11-14,19,Autumn,1811.5,0,0.046004787669935245
2018-11-14,20,Autumn,1557.0,0,0.03128558103911473
2018-11-14,21,Autumn,1479.5,0,0.02286512558220627
2018-11-14,22,Autumn,1309.0,0,0.03386422777804954
2018-11-14,23,Autumn,917.5,0,0.05091821364128852
2018-11-15,0,Autumn,709.5,0,0.046772846613765066
2018-11-15,1,Autumn,536.0,0,0.03199276395377265
2018-11-15,2,Autumn,348.5,0,0.04269076584097987
2018-11-15,3,Autumn,233.0,0,0.08030684562334617
2018-11-15,4,Autumn,160.5,0,0.06017824723930599
2018-11-15,5,Autumn,193.0,0,0.12457782019358891
2018-11-15,6,Autumn,474.5,0,0.11058116348952837
2018-11-15,7,Autumn,1198.5,0,0.11994437543299143
2018-11-15,8,Autumn,2032.0,0,0.13858114402424665
2018-11-15,9,Autumn,1100.5,0,0.06803509903259268
2018-11-15,10,Autumn,819.5,0,0.041533954415072696
2018-11-15,11,Autumn,930.0,0,0.020450451442651837
2018-11-15,12,Autumn,1048.5,0,0.013023707917803315
2018-11-15,13,Autumn,1057.5,0,0.009416102643026484
2018-11-15,14,Autumn,1089.5,0,0.006925412381578808
2018-11-15,15,Autumn,1191.5,0,0.004673255196482312
2018-11-15,16,Autumn,1431.0,0,0.007291502522817633
2018-11-15,17,Autumn,1853.5,0,0.011003251164480844
2018-11-15,18,Autumn,2498.0,0,0.02161353211406925
2018-11-15,19,Autumn,1811.5,0,0.019734621892329197
2018-11-15,20,Autumn,1557.0,0,0.023105962571948024
2018-11-15,21,Autumn,1479.5,0,0.023772104418691868
2018-11-15,22,Autumn,1309.0,0,0.017507630678190996
2018-11-15,23,Autumn,917.5,0,0.021809400786737702
2018-11-16,0,Autumn,709.5,0,0.017332167551698183
2018-11-16,1,Autumn,536.0,0,0.018587729867463758
2018-11-16,2,Autumn,348.5,0,0.025257431346635308
2018-11-16,3,Autumn,233.0,0,0.02286725743728279
2018-11-16,4,Autumn,160.5,0,0.02543904340773715
2018-11-16,5,Autumn,193.0,0,0.03287952466292292
2018-11-16,6,Autumn,474.5,0,0.0339380734095886
2018-11-16,7,Autumn,1198.5,0,0.03800747752877477
2018-11-16,8,Autumn,2032.0,0,0.047520221595801916
2018-11-16,9,Autumn,1100.5,0,0.03967613035315599
2018-11-16,10,Autumn,819.5,0,0.024995125446157437
2018-11-16,11,Autumn,930.0,0,0.01614787316017025
2018-11-16,12,Autumn,1048.5,0,0.02706637473116624
2018-11-16,13,Autumn,1057.5,0,0.03762963127442665
2018-11-16,14,Autumn,1089.5,0,0.05265245229813227
2018-11-16,15,Autumn,1191.5,0,0.13115545921182814
2018-11-16,16,Autumn,1431.0,0,0.1757346736232308
2018-11-16,17,Autumn,1853.5,0,0.22041011351875697
2018-11-16,18,Autumn,2498.0,0,0.2547411617050188
2018-11-16,19,Autumn,1811.5,0,0.29970532211295403
2018-11-16,20,Autumn,1557.0,0,0.3011719997172328
2018-11-16,21,Autumn,1479.5,0,0.17546242548705776
2018-11-16,22,Autumn,1309.0,0,0.12303245164350106
2018-11-16,23,Autumn,917.5,0,0.12961474250459565
2018-11-17,0,Autumn,906.0,0,0.1258642825421856
2018-11-17,1,Autumn,768.0,0,0.0882155627159116
2018-11-17,2,Autumn,522.0,0,0.1110303442028085
2018-11-17,3,Autumn,372.0,0,0.12426989193524354
2018-11-17,4,Autumn,233.0,0,0.10172537915834118
2018-11-17,5,Autumn,146.0,0,0.1022836194406499
2018-11-17,6,Autumn,209.0,0,0.13490772607506205
2018-11-17,7,Autumn,364.5,0,0.16800779246748337
2018-11-17,8,Autumn,616.5,0,0.1454092472253569
2018-11-17,9,Autumn,780.0,0,0.034069518971284976
2018-11-17,10,Autumn,911.5,0,0.026814354960769175
2018-11-17,11,Autumn,1053.0,0,0.009917120410925039
2018-11-17,12,Autumn,1246.5,0,0.009515190289610717
2018-11-17,13,Autumn,1420.5,0,0.00940723872851715
2018-11-17,14,Autumn,1521.5,0,0.013852197453159047
2018-11-17,15,Autumn,1669.5,0,0.018402229835351107
2018-11-17,16,Autumn,1826.5,0,0.018917663734986757
2018-11-17,17,Autumn,1916.0,0,0.01850363116348499
2018-11-17,18,Autumn,1701.0,0,0.01941221908307122
2018-11-17,19,Autumn,1521.0,1,0.023605815835907228
2018-11-17,20,Autumn,1373.0,1,0.0276728900339157
2018-11-17,21,Autumn,1286.5,0,0.016664673082187057
2018-11-17,22,Autumn,1144.0,0,0.014284388025506143
2018-11-17,23,Autumn,931.5,0,0.017406836700368866
2018-11-18,0,Autumn,906.0,0,0.01591120877688083
2018-11-18,1,Autumn,768.0,0,0.023175175414804027
2018-11-18,2,Autumn,522.0,0,0.016271350647910632
2018-11-18,3,Autumn,372.0,0,0.011401094571188918
2018-11-18,4,Autumn,233.0,0,0.01199786283770937
2018-11-18,5,Autumn,146.0,0,0.017793838395755532
2018-11-18,6,Autumn,209.0,0,0.020281764450615018
2018-11-18,7,Autumn,364.5,0,0.02897396715833832
2018-11-18,8,Autumn,616.5,0,0.027257051226807105
2018-11-18,9,Autumn,780.0,0,0.031576646884836836
2018-11-18,10,Autumn,911.5,0,0.013612642353206021
2018-11-18,11,Autumn,1053.0,0,0.008728887717308974
2018-11-18,12,Autumn,1246.5,0,0.04031557760578063
2018-11-18,13,Autumn,1420.5,0,0.017463991548947788
2018-11-18,14,Autumn,1521.5,0,0.018885933235426738
2018-11-18,15,Autumn,1669.5,0,0.013848502145301598
2018-11-18,16,Autumn,1826.5,0,0.021369539213711222
2018-11-18,17,Autumn,1916.0,0,0.02507749326612938
2018-11-18,18,Autumn,1701.0,0,0.03957898962886069
2018-11-18,19,Autumn,1521.0,1,0.022443041283303253
2018-11-18,20,Autumn,1373.0,0,0.026409189747043867
2018-11-18,21,Autumn,1286.5,0,0.02620210732045364
2018-11-18,22,Autumn,1144.0,0,0.021433341181021626
2018-11-18,23,Autumn,931.5,0,0.0194752536175867
2018-11-19,0,Autumn,709.5,0,0.023648994918079234
2018-11-19,1,Autumn,536.0,0,0.02753976884472749
2018-11-19,2,Autumn,348.5,0,0.039493618747370826
2018-11-19,3,Autumn,233.0,0,0.039465114985179066
2018-11-19,4,Autumn,160.5,0,0.04918626123588538
2018-11-19,5,Autumn,193.0,0,0.06906085008895593
2018-11-19,6,Autumn,474.5,0,0.08063772446936443
2018-11-19,7,Autumn,1198.5,0,0.11928997977755698
2018-11-19,8,Autumn,2032.0,0,0.11419240887803107
2018-11-19,9,Autumn,1100.5,0,0.053897909186080964
2018-11-19,10,Autumn,819.5,0,0.03049283634262113
2018-11-19,11,Autumn,930.0,0,0.024850919661257756
2018-11-19,12,Autumn,1048.5,0,0.01222026825512663
2018-11-19,13,Autumn,1057.5,0,0.025111553820997248
2018-11-19,14,Autumn,1089.5,0,0.013637351670704661
2018-11-19,15,Autumn,1191.5,0,0.012374440030919767
2018-11-19,16,Autumn,1431.0,0,0.032765239666436595
2018-11-19,17,Autumn,1853.5,0,0.040502630508516185
2018-11-19,18,Autumn,2498.0,0,0.04544076906050806
2018-11-19,19,Autumn,1811.5,0,0.04019211910132494
2018-11-19,20,Autumn,1557.0,0,0.0327061712117384
2018-11-19,21,Autumn,1479.5,0,0.01999445401551634
2018-11-19,22,Autumn,1309.0,0,0.012065194902033404
2018-11-19,23,Autumn,917.5,0,0.012549352225188663
2018-11-20,0,Autumn,709.5,0,0.010044459660494146
2018-11-20,1,Autumn,536.0,0,0.009730555383030042
2018-11-20,2,Autumn,348.5,0,0.013135226634807031
2018-11-20,3,Autumn,233.0,0,0.010129684540365797
2018-11-20,4,Autumn,160.5,0,0.01463670870650198
2018-11-20,5,Autumn,193.0,0,0.017526697425824005
2018-11-20,6,Autumn,474.5,0,0.024408657958113564
2018-11-20,7,Autumn,1198.5,0,0.03863787759945896
2018-11-20,8,Autumn,2032.0,0,0.045418309215530264
2018-11-20,9,Autumn,1100.5,0,0.02191096447388094
2018-11-20,10,Autumn,819.5,0,0.009820523098396223
2018-11-20,11,Autumn,930.0,0,0.007484594186345086
2018-11-20,12,Autumn,1048.5,0,0.0046580824288333786
2018-11-20,13,Autumn,1057.5,0,0.003542435221682444
2018-11-20,14,Autumn,1089.5,0,0.0032781853102063557
2018-11-20,15,Autumn,1191.5,0,0.0049804814652464535
2018-11-20,16,Autumn,1431.0,0,0.006201277986619572
2018-11-20,17,Autumn,1853.5,0,0.011073868942244415
2018-11-20,18,Autumn,2498.0,0,0.011982886838247506
2018-11-20,19,Autumn,1811.5,0,0.013576998285713316
2018-11-20,20,Autumn,1557.0,0,0.009864662695330718
2018-11-20,21,Autumn,1479.5,0,0.014819228389877998
2018-11-20,22,Autumn,1309.0,0,0.01445480740888753
2018-11-20,23,Autumn,917.5,1,0.015030762766687394
2018-11-21,0,Autumn,709.5,1,0.12868022365931653
2018-11-21,1,Autumn,536.0,1,0.17019146753138564
2018-11-21,2,Autumn,348.5,1,0.1841604282243421
2018-11-21,3,Autumn,233.0,1,0.6429069989458245
2018-11-21,4,Autumn,160.5,0,0.18257302486305463
2018-11-21,5,Autumn,193.0,0,0.1669054181415697
2018-11-21,6,Autumn,474.5,0,0.17579818183093177
2018-11-21,7,Autumn,1198.5,0,0.20287972882769936
2018-11-21,8,Autumn,2032.0,0,0.2535560824489129
2018-11-21,9,Autumn,1100.5,0,0.03151809950105527
2018-11-21,10,Autumn,819.5,0,0.01312633775715325
2018-11-21,11,Autumn,930.0,0,0.008632023852947935
2018-11-21,12,Autumn,1048.5,0,0.012308652151137715
2018-11-21,13,Autumn,1057.5,0,0.017027351017315936
2018-11-21,14,Autumn,1089.5,1,0.07210968150546988
2018-11-21,15,Autumn,1191.5,1,0.11959538927461963
2018-11-21,16,Autumn,1431.0,0,0.08889607613811415
2018-11-21,17,Autumn,1853.5,0,0.20606975624745613
2018-11-21,18,Autumn,2498.0,0,0.10850202498708952
2018-11-21,19,Autumn,1811.5,0,0.05326377157831832
2018-11-21,20,Autumn,1557.0,0,0.023381903156698466
2018-11-21,21,Autumn,1479.5,0,0.022103113539715488
2018-11-21,22,Autumn,1309.0,0,0.02978803918753445
2018-11-21,23,Autumn,917.5,0,0.021301837824124054
2018-11-22,0,Autumn,709.5,0,0.017676470087192454
2018-11-22,1,Autumn,536.0,0,0.009320417356428691
2018-11-22,2,Autumn,348.5,0,0.013853449192930497
2018-11-22,3,Autumn,233.0,0,0.009950296685088884
2018-11-22,4,Autumn,160.5,0,0.008639614330961023
2018-11-22,5,Autumn,193.0,0,0.00846378287230141
2018-11-22,6,Autumn,474.5,0,0.011711734435510966
2018-11-22,7,Autumn,1198.5,0,0.020407423054086795
2018-11-22,8,Autumn,2032.0,0,0.00826959670520488
2018-11-22,9,Autumn,1100.5,0,0.007827332994166611
2018-11-22,10,Autumn,819.5,0,0.005115961873117715
2018-11-22,11,Autumn,930.0,0,0.006307706239516634
2018-11-22,12,Autumn,1048.5,0,0.008096916831100656
2018-11-22,13,Autumn,1057.5,0,0.01087481501510073
2018-11-22,14,Autumn,1089.5,0,0.01482224524210444
2018-11-22,15,Autumn,1191.5,0,0.020834436918947454
2018-11-22,16,Autumn,1431.0,0,0.028262506302104782
2018-11-22,17,Autumn,1853.5,0,0.05446142439532444
2018-11-22,18,Autumn,2498.0,0,0.06900985688807058
2018-11-22,19,Autumn,1811.5,0,0.06986907927692013
2018-11-22,20,Autumn,1557.0,1,0.03436466818546326
2018-11-22,21,Autumn,1479.5,0,0.010022635998742323
2018-11-22,22,Autumn,1309.0,0,0.011592903830312373
2018-11-22,23,Autumn,917.5,0,0.014910014354862125
2018-11-23,0,Autumn,709.5,0,0.01904985204349786
2018-11-23,1,Autumn,536.0,0,0.018532247880535573
2018-11-23,2,Autumn,348.5,0,0.01839302808387959
2018-11-23,3,Autumn,233.0,0,0.014555606988111498
2018-11-23,4,Autumn,160.5,0,0.011047678144251935
2018-11-23,5,Autumn,193.0,0,0.0076006193016982465
2018-11-23,6,Autumn,474.5,0,0.013546083078275654
2018-11-23,7,Autumn,1198.5,0,0.019132588423817657
2018-11-23,8,Autumn,2032.0,0,0.024900446279123637
2018-11-23,9,Autumn,1100.5,0,0.01128199388157612
2018-11-23,10,Autumn,819.5,0,0.0067721161410928266
2018-11-23,11,Autumn,930.0,0,0.0074599167742319715
2018-11-23,12,Autumn,1048.5,0,0.004875139439863717
2018-11-23,13,Autumn,1057.5,0,0.00517498304188057
2018-11-23,14,Autumn,1089.5,0,0.0056210379477219475
2018-11-23,15,Autumn,1191.5,0,0.004898817687428903
2018-11-23,16,Autumn,1431.0,0,0.004787602344454087
2018-11-23,17,Autumn,1853.5,0,0.004630655460316463
2018-11-23,18,Autumn,2498.0,0,0.006988804465884472
2018-11-23,19,Autumn,1811.5,0,0.008332466699494034
2018-11-23,20,Autumn,1557.0,1,0.0076038107118202285
2018-11-23,21,Autumn,1479.5,1,0.006313690759641049
2018-11-23,22,Autumn,1309.0,0,0.006678693803287682
2018-11-23,23,Autumn,917.5,0,0.006592254716918064
2018-11-24,0,Autumn,906.0,0,0.004621314555619825
2018-11-24,1,Autumn,768.0,0,0.0030731204638373665
2018-11-24,2,Autumn,522.0,0,0.002778341625854975
2018-11-24,3,Autumn,372.0,0,0.002304100661020531
2018-11-24,4,Autumn,233.0,0,0.0019428650833604134
2018-11-24,5,Autumn,146.0,0,0.0022624554250528024
2018-11-24,6,Autumn,209.0,1,0.0023966831829902004
2018-11-24,7,Autumn,364.5,1,0.26883425341726996
2018-11-24,8,Autumn,616.5,1,0.5681003912878803
2018-11-24,9,Autumn,780.0,1,0.99999999665496
2018-11-24,10,Autumn,911.5,1,0.6542237815181599
2018-11-24,11,Autumn,1053.0,1,0.7665939732298055
2018-11-24,12,Autumn,1246.5,1,0.9824861914395837
2018-11-24,13,Autumn,1420.5,1,0.6045847928204804
2018-11-24,14,Autumn,1521.5,1,0.5759151488708101
2018-11-24,15,Autumn,1669.5,1,0.47566462223414147
2018-11-24,16,Autumn,1826.5,1,0.5232710395331914
2018-11-24,17,Autumn,1916.0,1,0.5715938174978256
2018-11-24,18,Autumn,1701.0,1,0.5259360833695259
2018-11-24,19,Autumn,1521.0,1,0.46085068003340923
2018-11-24,20,Autumn,1373.0,1,0.44402400704741435
2018-11-24,21,Autumn,1286.5,1,0.34053414866567827
2018-11-24,22,Autumn,1144.0,1,0.28185076211079146
2018-11-24,23,Autumn,931.5,1,0.2512919896860454
2018-11-25,0,Autumn,906.0,1,0.21460072588490908
2018-11-25,1,Autumn,768.0,1,0.18629077700180133
2018-11-25,2,Autumn,522.0,0,0.1620612770832934
2018-11-25,3,Autumn,372.0,1,0.18182303151739204
2018-11-25,4,Autumn,233.0,0,0.1936304338572408
2018-11-25,5,Autumn,146.0,0,0.2748192141690342
2018-11-25,6,Autumn,209.0,1,0.33649928593910394
2018-11-25,7,Autumn,364.5,1,0.411118210745133
2018-11-25,8,Autumn,616.5,1,0.46708598796300177
2018-11-25,9,Autumn,780.0,1,0.3494932289410654
2018-11-25,10,Autumn,911.5,1,0.18603940185142587
2018-11-25,11,Autumn,1053.0,1,0.09262794151342035
2018-11-25,12,Autumn,1246.5,0,0.06095360676027006
2018-11-25,13,Autumn,1420.5,1,0.04410867725611826
2018-11-25,14,Autumn,1521.5,0,0.04163069379229001
2018-11-25,15,Autumn,1669.5,0,0.048906183986047846
2018-11-25,16,Autumn,1826.5,1,0.05504732350440456
2018-11-25,17,Autumn,1916.0,1,0.06305333560888568
2018-11-25,18,Autumn,1701.0,1,0.16455004225270298
2018-11-25,19,Autumn,1521.0,1,0.17122766179152157
2018-11-25,20,Autumn,1373.0,1,0.1865345432605908
2018-11-25,21,Autumn,1286.5,1,0.22218414944214815
2018-11-25,22,Autumn,1144.0,1,0.1982431341596518
2018-11-25,23,Autumn,931.5,1,0.1866763175684009
2018-11-26,0,Autumn,709.5,0,0.21737909146077622
2018-11-26,1,Autumn,536.0,1,0.1789963112067259
2018-11-26,2,Autumn,348.5,0,0.20811729065346218
2018-11-26,3,Autumn,233.0,0,0.24482194399206825
2018-11-26,4,Autumn,160.5,0,0.30720233786354323
2018-11-26,5,Autumn,193.0,0,0.2510070870032025
2018-11-26,6,Autumn,474.5,0,0.26837278437970313
2018-11-26,7,Autumn,1198.5,0,0.33115813157370416
2018-11-26,8,Autumn,2032.0,0,0.27818982098149125
2018-11-26,9,Autumn,1100.5,0,0.19307372306506296
2018-11-26,10,Autumn,819.5,0,0.1333687183787153
2018-11-26,11,Autumn,930.0,0,0.1123232522667393
2018-11-26,12,Autumn,1048.5,0,0.05392681764841911
2018-11-26,13,Autumn,1057.5,0,0.03165559466026871
2018-11-26,14,Autumn,1089.5,0,0.024592261416548328
2018-11-26,15,Autumn,1191.5,0,0.017446316784076057
2018-11-26,16,Autumn,1431.0,0,0.020575870797104732
2018-11-26,17,Autumn,1853.5,0,0.024442494893121017
2018-11-26,18,Autumn,2498.0,0,0.047546291587049615
2018-11-26,19,Autumn,1811.5,0,0.06160908627971408
2018-11-26,20,Autumn,1557.0,0,0.08315996695843059
2018-11-26,21,Autumn,1479.5,0,0.10990699155521395
2018-11-26,22,Autumn,1309.0,0,0.07791520812575459
2018-11-26,23,Autumn,917.5,0,0.148642290061805
2018-11-27,0,Autumn,709.5,0,0.11737831313217328
2018-11-27,1,Autumn,536.0,0,0.12873478258715523
2018-11-27,2,Autumn,348.5,0,0.16130166031622584
2018-11-27,3,Autumn,233.0,0,0.18695496998332534
2018-11-27,4,Autumn,160.5,0,0.2088024417530913
2018-11-27,5,Autumn,193.0,0,0.15451727030961926
2018-11-27,6,Autumn,474.5,0,0.1618116368951185
2018-11-27,7,Autumn,1198.5,0,0.19615405692707005
2018-11-27,8,Autumn,2032.0,0,0.16546335511250332
2018-11-27,9,Autumn,1100.5,0,0.13311287017608192
2018-11-27,10,Autumn,819.5,0,0.12473959819704948
2018-11-27,11,Autumn,930.0,0,0.0825765534719972
2018-11-27,12,Autumn,1048.5,0,0.07507715407869542
2018-11-27,13,Autumn,1057.5,0,0.06535778408957334
2018-11-27,14,Autumn,1089.5,0,0.16713980246188198
2018-11-27,15,Autumn,1191.5,0,0.18031903811779218
2018-11-27,16,Autumn,1431.0,0,0.23786079879775282
2018-11-27,17,Autumn,1853.5,0,0.20861998751200786
2018-11-27,18,Autumn,2498.0,0,0.19127871450599834
2018-11-27,19,Autumn,1811.5,0,0.04145706198548391
2018-11-27,20,Autumn,1557.0,0,0.00968546085945556
2018-11-27,21,Autumn,1479.5,0,0.006185330351998771
2018-11-27,22,Autumn,1309.0,0,0.004720551488853905
2018-11-27,23,Autumn,917.5,0,0.004876960777450825
2018-11-28,0,Autumn,709.5,0,0.004673229486903091
2018-11-28,1,Autumn,536.0,0,0.0019694329127809673
2018-11-28,2,Autumn,348.5,0,0.002879747750433967
2018-11-28,3,Autumn,233.0,0,0.004278565121189085
2018-11-28,4,Autumn,160.5,0,0.001832403943528348
2018-11-28,5,Autumn,193.0,0,0.003252774494942104
2018-11-28,6,Autumn,474.5,0,0.003985599603850029
2018-11-28,7,Autumn,1198.5,0,0.0017571002202112077
2018-11-28,8,Autumn,2032.0,0,0.004151862319737378
2018-11-28,9,Autumn,1100.5,0,0.005403234433781741
2018-11-28,10,Autumn,819.5,0,0.0035033532902991175
2018-11-28,11,Autumn,930.0,0,0.0019459300579133183
2018-11-28,12,Autumn,1048.5,0,0.0023315760579604955
2018-11-28,13,Autumn,1057.5,0,0.0023207447242030222
2018-11-28,14,Autumn,1089.5,0,0.002466081150528437
2018-11-28,15,Autumn,1191.5,0,0.0035888452281469117
2018-11-28,16,Autumn,1431.0,0,0.0046573496998095175
2018-11-28,17,Autumn,1853.5,0,0.008050776293153409
2018-11-28,18,Autumn,2498.0,0,0.007664787285041854
2018-11-28,19,Autumn,1811.5,0,0.007821079498842086
2018-11-28,20,Autumn,1557.0,0,0.006461884386227457
2018-11-28,21,Autumn,1479.5,0,0.006988065935914534
2018-11-28,22,Autumn,1309.0,0,0.008126987448281187
2018-11-28,23,Autumn,917.5,0,0.005681458947296139
2018-11-29,0,Autumn,709.5,0,0.0037267486029205496
2018-11-29,1,Autumn,536.0,0,0.0046554919077098815
2018-11-29,2,Autumn,348.5,0,0.002387807180081838
2018-11-29,3,Autumn,233.0,0,0.0039943873106427505
2018-11-29,4,Autumn,160.5,0,0.003690982107513058
2018-11-29,5,Autumn,193.0,0,0.004796655425721571
2018-11-29,6,Autumn,474.5,0,0.009169819536334637
2018-11-29,7,Autumn,1198.5,0,0.009431288115717829
2018-11-29,8,Autumn,2032.0,0,0.01955969815924948
2018-11-29,9,Autumn,1100.5,0,0.010239786016907703
2018-11-29,10,Autumn,819.5,0,0.005414159478367399
2018-11-29,11,Autumn,930.0,0,0.004818243667551119
2018-11-29,12,Autumn,1048.5,0,0.006083710816831394
2018-11-29,13,Autumn,1057.5,0,0.009634053844523215
2018-11-29,14,Autumn,1089.5,0,0.00790091889670956
2018-11-29,15,Autumn,1191.5,0,0.01727071710110112
2018-11-29,16,Autumn,1431.0,0,0.03458294576723544
2018-11-29,17,Autumn,1853.5,0,0.024612826164739646
2018-11-29,18,Autumn,2498.0,0,0.054867779825771956
2018-11-29,19,Autumn,1811.5,0,0.04842408639035896
2018-11-29,20,Autumn,1557.0,0,0.059369045092738736
2018-11-29,21,Autumn,1479.5,0,0.05727883416618624
2018-11-29,22,Autumn,1309.0,0,0.0558423456961613
2018-11-29,23,Autumn,917.5,0,0.04442015713539809
2018-11-30,0,Autumn,709.5,0,0.061281814607468
2018-11-30,1,Autumn,536.0,0,0.06320856180945934
2018-11-30,2,Autumn,348.5,0,0.05845186412239284
2018-11-30,3,Autumn,233.0,0,0.07952968317461463
2018-11-30,4,Autumn,160.5,0,0.08917708516258656
2018-11-30,5,Autumn,193.0,0,0.06535152271024881
2018-11-30,6,Autumn,474.5,0,0.09200376848249792
2018-11-30,7,Autumn,1198.5,0,0.1301257873236539
2018-11-30,8,Autumn,2032.0,0,0.140106331244288
2018-11-30,9,Autumn,1100.5,0,0.06112787243086986
2018-11-30,10,Autumn,819.5,0,0.03811079858524417
2018-11-30,11,Autumn,930.0,0,0.024379449300890314
2018-11-30,12,Autumn,1048.5,0,0.013447978449326253
2018-11-30,13,Autumn,1057.5,0,0.009017504771517252
2018-11-30,14,Autumn,1089.5,0,0.006320131009987912
2018-11-30,15,Autumn,1191.5,0,0.008558713082456098
2018-11-30,16,Autumn,1431.0,0,0.00752819083974084
2018-11-30,17,Autumn,1853.5,0,0.013919416884515843
2018-11-30,18,Autumn,2498.0,0,0.018323570864121518
2018-11-30,19,Autumn,1811.5,0,0.019729178830079946
2018-11-30,20,Autumn,1557.0,1,0.021577764506899334
2018-11-30,21,Autumn,1479.5,1,0.014505166109587905
2018-11-30,22,Autumn,1309.0,0,0.015574931313867921
2018-11-30,23,Autumn,917.5,0,0.01627813654648044
